ITEM;ESCUELA;MESA;ACOPIO;VERIFICADO;USB;OBSERVADAS
1;IEI 12 INICIAL;040700;1;SI;SI;NO
2;IEI 12 INICIAL;040701;1;SI;SI;NO
3;IEI 12 INICIAL;040702;1;SI;SI;NO
4;IEI 12 INICIAL;40703;1;SI;SI;NO
5;IEI 12 INICIAL;40704;1;SI;SI;NO
6;IE 2005;40705;2;SI;NO;NO
7;IE 2005;40706;2;SI;SI;NO
8;IE 2005;40707;2;SI;SI;NO
9;IE 2005;40708;2;SI;SI;NO
10;IE 2005;40709;2;SI;SI;NO
11;IE 2005;40710;2;SI;SI;NO
12;IE 2005;40711;2;SI;SI;NO
13;IE 2005;40712;2;SI;SI;NO
14;IE 2005;40713;2;SI;SI;NO
15;IE 2005;40714;2;SI;SI;NO
16;IE 2030;40715;3;SI;SI;NO
17;IE 2030;40716;3;SI;SI;NO
18;IE 2030;40717;3;SI;SI;NO
19;IE 2030;40718;3;SI;SI;NO
20;IE 2030;40719;3;SI;SI;NO
21;IE 2030;40720;3;SI;SI;NO
22;IE 2033 NUESTRA SEÑORA DE FATIMA;40721;4;SI;SI;NO
23;IE 2033 NUESTRA SEÑORA DE FATIMA;40722;4;SI;SI;NO
24;IE 2033 NUESTRA SEÑORA DE FATIMA;40723;4;SI;SI;NO
25;IE 2033 NUESTRA SEÑORA DE FATIMA;40724;4;SI;SI;NO
26;IE 2033 NUESTRA SEÑORA DE FATIMA;40725;4;SI;SI;NO
27;IE 2033 NUESTRA SEÑORA DE FATIMA;40726;4;SI;SI;NO
28;IE 2033 NUESTRA SEÑORA DE FATIMA;40727;4;SI;SI;NO
29;IE 2035 FERNANDO BELAUNDE TERRY;40728;5;SI;SI;NO
30;IE 2035 FERNANDO BELAUNDE TERRY;40729;5;SI;SI;NO
31;IE 2035 FERNANDO BELAUNDE TERRY;40730;5;SI;SI;NO
32;IE 2035 FERNANDO BELAUNDE TERRY;40731;5;SI;SI;NO
33;IE 2035 FERNANDO BELAUNDE TERRY;40732;5;SI;SI;NO
34;IE 2042 FRAY MARTIN DE PORRES;40733;6;SI;SI;NO
35;IE 2042 FRAY MARTIN DE PORRES;40734;6;SI;SI;NO
36;IE 2042 FRAY MARTIN DE PORRES;40735;6;SI;SI;NO
37;IE 2042 FRAY MARTIN DE PORRES;40736;6;SI;SI;NO
38;IE 2042 FRAY MARTIN DE PORRES;40737;6;SI;SI;NO
39;IE 2042 FRAY MARTIN DE PORRES;40738;6;SI;SI;NO
40;IE 2042 FRAY MARTIN DE PORRES;40739;6;SI;SI;NO
41;IE 2043 SANGARARA;40740;7;SI;SI;NO
42;IE 2043 SANGARARA;40741;7;SI;SI;NO
43;IE 2043 SANGARARA;40742;7;SI;SI;NO
44;IE 2043 SANGARARA;40743;7;SI;SI;NO
45;IE 2043 SANGARARA;40744;7;SI;SI;NO
46;IE 2043 SANGARARA;40745;7;SI;SI;NO
47;IE 2043 SANGARARA;40746;7;SI;SI;NO
48;IE 2043 SANGARARA;40747;7;SI;SI;NO
49;IE 2047;40748;8;SI;SI;NO
50;IE 2047;40749;8;SI;NO;NO
51;IE 2047;40750;8;SI;SI;NO
52;IE 2047;40751;8;SI;SI;NO
53;IE 2047;40752;8;SI;SI;NO
54;IE 2047;40753;8;SI;SI;NO
55;IE 2047;40754;8;SI;SI;NO
56;IE 2047;40755;8;SI;SI;NO
57;IE 2047;40756;8;SI;SI;NO
58;IE 2072 LEV SEMIONOVICH VIGOTSKI;40757;9;SI;SI;NO
59;IE 2072 LEV SEMIONOVICH VIGOTSKI;40758;9;SI;SI;NO
60;IE 2072 LEV SEMIONOVICH VIGOTSKI;40759;9;SI;SI;NO
61;IE 2072 LEV SEMIONOVICH VIGOTSKI;40760;9;SI;SI;NO
62;IE 2072 LEV SEMIONOVICH VIGOTSKI;40761;9;SI;SI;NO
63;IE 2072 LEV SEMIONOVICH VIGOTSKI;40762;9;SI;SI;NO
64;IE 2072 LEV SEMIONOVICH VIGOTSKI;40763;9;SI;SI;NO
65;IE 3076 SANTA ROSA;40764;10;SI;SI;NO
66;IE 3076 SANTA ROSA;40765;10;SI;SI;NO
67;IE 3076 SANTA ROSA;40766;10;SI;SI;NO
68;IE 3076 SANTA ROSA;40767;10;SI;SI;NO
69;IE 3076 SANTA ROSA;40768;10;SI;SI;NO
70;IE 3076 SANTA ROSA;40769;10;SI;SI;NO
71;IE 3076 SANTA ROSA;40770;10;SI;SI;NO
72;IE 3076 SANTA ROSA;40771;10;SI;SI;NO
73;IE 3076 SANTA ROSA;40772;10;SI;SI;NO
74;IE 3076 SANTA ROSA;40773;10;SI;SI;NO
75;IE 3076 SANTA ROSA;40774;10;SI;SI;NO
76;IE 3076 SANTA ROSA;40775;10;SI;SI;NO
77;IE 3076 SANTA ROSA;40776;10;SI;SI;NO
78;IE 3076 SANTA ROSA;40777;10;SI;SI;NO
79;IE 3076 SANTA ROSA;40778;10;SI;SI;NO
80;IE 3076 SANTA ROSA;40779;10;SI;NO;NO
81;IE 3076 SANTA ROSA;40780;10;SI;SI;NO
82;IE 3076 SANTA ROSA;40781;10;SI;SI;NO
83;IE 3076 SANTA ROSA;40782;10;SI;SI;NO
84;IE 3076 SANTA ROSA;40783;10;SI;SI;NO
85;IE 3076 SANTA ROSA;40784;10;SI;SI;NO
86;IE 3076 SANTA ROSA;40785;10;SI;SI;NO
87;IE 326 MARIA MONTESSORI;40786;11;SI;SI;NO
88;IE 326 MARIA MONTESSORI;40787;11;SI;SI;NO
89;IE 326 MARIA MONTESSORI;40788;11;SI;SI;NO
90;IE 326 MARIA MONTESSORI;40789;11;SI;SI;NO
91;IEI 371;40790;12;SI;SI;NO
92;IEI 371;40791;12;SI;SI;SI
93;IEI 371;40792;12;SI;SI;NO
94;IEI 371;40793;12;SI;SI;NO
95;IE 8156 PERUANO ALEMAN;40794;13;SI;SI;NO
96;IE 8156 PERUANO ALEMAN;40795;13;SI;SI;NO
97;IE 8156 PERUANO ALEMAN;40796;13;SI;SI;NO
98;IE 8156 PERUANO ALEMAN;40797;13;SI;SI;NO
99;IE 8156 PERUANO ALEMAN;40798;13;SI;SI;SI
100;IE 8156 PERUANO ALEMAN;40799;13;SI;SI;NO
101;IE 8186 MARIA JESUS ESPINOZA MATOS;40800;14;SI;SI;NO
102;IE 8186 MARIA JESUS ESPINOZA MATOS;40801;14;SI;SI;NO
103;IE 8186 MARIA JESUS ESPINOZA MATOS;40802;14;SI;SI;NO
104;IE 8186 MARIA JESUS ESPINOZA MATOS;40803;14;SI;SI;NO
105;IE 8186 MARIA JESUS ESPINOZA MATOS;40804;14;SI;SI;NO
106;IE 8186 MARIA JESUS ESPINOZA MATOS;40805;14;SI;SI;NO
107;IE 8186 MARIA JESUS ESPINOZA MATOS;40806;14;SI;SI;NO
108;IE 8186 MARIA JESUS ESPINOZA MATOS;40807;14;SI;SI;NO
109;IEI 861;40808;15;SI;SI;NO
110;IEI 861;40809;15;SI;SI;NO
111;IEI 861;40810;15;SI;SI;NO
112;IEP BAUTISTA FILADELFIA;40815;16;SI;SI;NO
113;IEP BAUTISTA FILADELFIA;40816;16;SI;SI;NO
114;IEP BAUTISTA FILADELFIA;40817;16;SI;SI;NO
115;IEP BAUTISTA FILADELFIA;40818;16;SI;SI;NO
116;IEP BAUTISTA FILADELFIA;40819;16;SI;SI;SI
117;IEP BAUTISTA FILADELFIA;40820;16;SI;SI;NO
118;IEP BAUTISTA FILADELFIA;40821;16;SI;SI;NO
119;IEP BAUTISTA FILADELFIA;40822;16;SI;SI;NO
120;IEP BAUTISTA FILADELFIA;40823;16;SI;SI;NO
121;IEP BAUTISTA FILADELFIA;40824;16;SI;SI;NO
122;IEP BAUTISTA FILADELFIA;40825;16;SI;SI;NO
123;IEP BAUTISTA FILADELFIA;40826;16;SI;SI;NO
124;IEP BAUTISTA FILADELFIA;40827;16;SI;SI;NO
125;IEP BAUTISTA FILADELFIA;40828;16;SI;SI;NO
126;IEP DIVINA MISERICORDIA;40829;17;SI;NO;SI
127;IEP DIVINA MISERICORDIA;40830;17;SI;SI;NO
128;IEP DIVINA MISERICORDIA;40831;17;SI;SI;NO
129;IEP DIVINA MISERICORDIA;40832;17;SI;SI;NO
130;IEP DIVINA MISERICORDIA;40833;17;SI;SI;NO
131;IEP DIVINA MISERICORDIA;40834;17;NO;SI;NO
132;IEP DIVINA MISERICORDIA;40835;17;SI;NO;NO
133;IEP DIVINA MISERICORDIA;40836;17;SI;NO;SI
134;IEP DIVINA MISERICORDIA;40837;17;SI;SI;NO
135;IEP DIVINA MISERICORDIA;40838;17;SI;SI;NO
136;IEP DIVINA MISERICORDIA;40839;17;SI;SI;NO
137;IEP DIVINA MISERICORDIA;40840;17;SI;SI;NO
138;IEP DIVINA MISERICORDIA;40841;17;SI;SI;NO
139;IEP DIVINA MISERICORDIA;40842;17;SI;SI;NO
140;IEP DIVINA MISERICORDIA;40843;17;SI;SI;NO
141;IEP DIVINA MISERICORDIA;40844;17;SI;SI;NO
142;IEP DIVINA MISERICORDIA;40845;17;SI;SI;NO
143;IEP DIVINA MISERICORDIA;40846;17;SI;SI;NO
144;IEP MARCELINO CHAMPAGNAT;40847;18;SI;SI;NO
145;IEP MARCELINO CHAMPAGNAT;40848;18;SI;SI;NO
146;IEP MARCELINO CHAMPAGNAT;40849;18;SI;SI;NO
147;IEP MARCELINO CHAMPAGNAT;40850;18;SI;SI;NO
148;IEP MARCELINO CHAMPAGNAT;40851;18;SI;SI;NO
149;IEP MARCELINO CHAMPAGNAT;40852;18;SI;SI;NO
150;IEP MARIA GORETTI;40853;19;SI;SI;NO
151;IEP MARIA GORETTI;40854;19;SI;SI;NO
152;IEP MARIA GORETTI;40855;19;SI;SI;NO
153;IEP MARIA GORETTI;40856;19;SI;SI;NO
154;IEP MARIA GORETTI;40857;19;SI;SI;NO
155;IEP MARIA GORETTI;40858;19;SI;SI;NO
156;IEP MARIA GORETTI;40859;19;SI;SI;NO
157;IEP MARIA GORETTI;40860;19;SI;SI;NO
158;IEP MARIA GORETTI;40861;19;SI;SI;NO
159;IEP MARIA GORETTI;40862;19;SI;SI;NO
160;IEP MARIA GORETTI;40863;19;SI;SI;NO
161;IEP MARIA GORETTI;40864;19;SI;SI;NO
162;IEP MARIA GORETTI;40865;19;SI;SI;SI
163;IEP MI SEGUNDO HOGAR JIREH;40866;20;SI;SI;NO
164;IEP MI SEGUNDO HOGAR JIREH;40867;20;SI;SI;NO
165;IEP MI SEGUNDO HOGAR JIREH;40868;20;SI;SI;NO
166;IEP MI SEGUNDO HOGAR JIREH;40869;20;SI;SI;NO
167;IEP TECHNOLOGY SCHOOLS - RETABLO;40870;21;SI;SI;NO
168;IEP TECHNOLOGY SCHOOLS - RETABLO;40871;21;SI;SI;NO
169;IEP TECHNOLOGY SCHOOLS - RETABLO;40872;21;SI;SI;NO
170;IEP TECHNOLOGY SCHOOLS - RETABLO;40873;21;SI;SI;NO
171;IEP TECHNOLOGY SCHOOLS - RETABLO;40874;21;SI;NO;NO
172;IEP TECHNOLOGY SCHOOLS - RETABLO;40875;21;SI;NO;NO
173;IEP TECHNOLOGY SCHOOLS - RETABLO;40876;21;SI;SI;NO
174;IEP TECHNOLOGY SCHOOLS - RETABLO;40877;21;SI;SI;NO
175;IEP TECHNOLOGY SCHOOLS - RETABLO;40878;21;SI;SI;NO
176;IEP TECHNOLOGY SCHOOLS - RETABLO;40879;21;SI;SI;NO
177;IEP TECHNOLOGY SCHOOLS - RETABLO;40880;21;SI;SI;NO
178;IEP TECHNOLOGY SCHOOLS - RETABLO;40881;21;SI;SI;NO
179;IEP TECHNOLOGY SCHOOLS - RETABLO;40882;21;SI;SI;SI
180;IEP TECHNOLOGY SCHOOLS - RETABLO;40883;21;SI;SI;NO
181;IEP TECHNOLOGY SCHOOLS - RETABLO;40884;21;SI;SI;NO
182;IEP TECHNOLOGY SCHOOLS - RETABLO;40885;21;SI;SI;NO
183;IEP TECHNOLOGY SCHOOLS - RETABLO;40886;21;SI;SI;SI
184;IEP TECHNOLOGY SCHOOLS - RETABLO;40887;21;SI;SI;NO
185;IEP TECHNOLOGY SCHOOLS - RETABLO;40888;21;SI;SI;NO
186;IEP TECHNOLOGY SCHOOLS - RETABLO;40889;21;SI;SI;NO
187;IEP TECHNOLOGY SCHOOLS - RETABLO;40890;21;SI;SI;NO
188;IEP TECHNOLOGY SCHOOLS - RETABLO;40891;21;SI;SI;NO
189;IEP TECHNOLOGY SCHOOLS - RETABLO;40892;21;SI;SI;NO
190;IEP TECHNOLOGY SCHOOLS - RETABLO;40893;21;SI;SI;NO
191;IEP TECHNOLOGY SCHOOLS - RETABLO;40894;21;SI;SI;NO
192;IEP TECHNOLOGY SCHOOLS - RETABLO;40895;21;SI;SI;NO
193;IEP TECHNOLOGY SCHOOLS - RETABLO;40896;21;SI;SI;NO
194;IEP TECHNOLOGY SCHOOLS - RETABLO;40897;21;SI;SI;NO
195;IEP TECHNOLOGY SCHOOLS - RETABLO;40898;21;SI;NO;NO
196;IEP TECHNOLOGY SCHOOLS - RETABLO;40899;21;SI;SI;NO
197;IEP TECHNOLOGY SCHOOLS - RETABLO;40900;21;SI;SI;NO
198;IEP TECHNOLOGY SCHOOLS - RETABLO;40901;21;SI;SI;NO
199;IE LA ALBORADA FRANCESA;40902;22;SI;SI;NO
200;IE LA ALBORADA FRANCESA;40903;22;SI;SI;NO
201;IE LA ALBORADA FRANCESA;40904;22;SI;SI;NO
202;IE LA ALBORADA FRANCESA;40905;22;SI;SI;NO
203;IE LA ALBORADA FRANCESA;40906;22;SI;SI;NO
204;IE LA ALBORADA FRANCESA;40907;22;NO;SI;NO
205;IE LA ALBORADA FRANCESA;40908;22;SI;SI;NO
206;IE LA ALBORADA FRANCESA;40909;22;NO;SI;NO
207;IE LIBERTAD;40910;23;SI;SI;NO
208;IE LIBERTAD;40911;23;SI;SI;NO
209;IE LIBERTAD;40912;23;SI;SI;NO
210;IE LIBERTAD;40913;23;SI;SI;NO
211;IE LIBERTAD;40914;23;SI;SI;NO
212;IE LIBERTAD;40915;23;SI;SI;NO
213;IE LIBERTAD;40916;23;SI;SI;NO
214;IE LIBERTAD;40917;23;SI;SI;NO
215;IE LIBERTAD;40918;23;SI;SI;NO
216;IE LIBERTAD;40919;23;SI;SI;NO
217;IE LIBERTAD;40920;23;SI;SI;NO
218;IE LIBERTAD;40921;23;SI;SI;NO
219;IE LIBERTAD;40922;23;SI;SI;NO
220;IE LIBERTAD;40923;23;SI;SI;NO
221;IE LIBERTAD;40924;23;SI;SI;NO
222;IE LIBERTAD;40925;23;SI;SI;NO
223;IE LIBERTAD;40926;23;SI;SI;NO
224;IE LIBERTAD;40927;23;SI;SI;NO
225;IE LIBERTAD;40928;23;SI;SI;NO
226;IE LIBERTAD;40929;23;SI;SI;NO
227;IE LIBERTAD;40930;23;SI;SI;NO
228;IE LIBERTAD;40931;23;SI;SI;NO
229;CEBE LOS VIÑEDOS;40932;24;SI;SI;NO
230;CEBE LOS VIÑEDOS;40933;24;SI;SI;NO
231;CEBE LOS VIÑEDOS;40934;24;SI;SI;NO
232;CEBE LOS VIÑEDOS;40935;24;SI;SI;NO
233;CEBE LOS VIÑEDOS;40936;24;SI;SI;NO
234;CEBE LOS VIÑEDOS;40937;24;SI;SI;NO
235;CEBE LOS VIÑEDOS;40938;24;SI;SI;NO
236;CEBE LOS VIÑEDOS;40939;24;SI;SI;NO
237;IEI LUIS ENRIQUE XVII;40940;25;SI;SI;NO
238;IEI LUIS ENRIQUE XVII;40941;25;SI;SI;NO
239;IEI LUIS ENRIQUE XVII;40942;25;SI;SI;NO
240;IEI LUIS ENRIQUE XVII;40943;25;SI;SI;NO
241;IEI LA PASCANA;40944;26;SI;SI;NO
242;IEI LA PASCANA;40945;26;SI;SI;NO
243;IEI LA PASCANA;40946;26;SI;SI;NO
244;IEI LA PASCANA;40947;26;SI;SI;NO
245;IEI LA PASCANA;40948;26;SI;SI;NO
246;IEI LA PASCANA;40949;26;SI;SI;NO
247;IEI LA PASCANA;40950;26;SI;SI;NO
248;IEP ANGELITOS DE SANTA MARIA;40951;27;SI;SI;NO
249;IEP ANGELITOS DE SANTA MARIA;40952;27;SI;SI;NO
250;IEP ANGELITOS DE SANTA MARIA;40953;27;SI;SI;NO
251;IEP ANGELITOS DE SANTA MARIA;40954;27;SI;SI;NO
252;IEP ANGELITOS DE SANTA MARIA;40955;27;SI;SI;NO
253;IEP ANGELITOS DE SANTA MARIA;40956;27;SI;SI;NO
254;IEP ANGELITOS DE SANTA MARIA;40957;27;SI;SI;NO
255;IEP ANGELITOS DE SANTA MARIA;40958;27;SI;SI;NO
256;IEP ANGELITOS DE SANTA MARIA;40959;27;SI;SI;NO
257;IEP HOWARD GARDNER;40960;28;SI;SI;NO
258;IEP HOWARD GARDNER;40961;28;SI;SI;NO
259;IEP HOWARD GARDNER;40962;28;SI;SI;NO
260;IEP GENES 2;40963;29;SI;NO;NO
261;IEP GENES 2;40964;29;SI;NO;NO
262;IEP GENES 2;40965;29;SI;NO;NO
263;IEP GENES 2;40966;29;SI;NO;NO
264;IEP GENES 2;40967;29;SI;NO;NO
265;IEP GENES 2;40968;29;SI;NO;NO
266;IEP GENES 2;40969;29;SI;NO;NO
267;IEP GENES 2;40970;29;SI;NO;NO
268;IEP GENES 2;40971;29;SI;NO;NO
269;IEP GENES PRIMAVERA;40972;30;SI;SI;NO
270;IEP GENES PRIMAVERA;40973;30;SI;SI;NO
271;IEP GENES PRIMAVERA;40974;30;SI;SI;NO
272;IEP GENES PRIMAVERA;40975;30;SI;SI;NO
273;IEP AL GORE;40976;31;SI;SI;NO
274;IEP AL GORE;40977;31;SI;SI;NO
275;IEP AL GORE;40978;31;SI;SI;NO
276;IEP AL GORE;40979;31;SI;NO;NO
277;IEP AL GORE;40980;31;SI;SI;NO
278;IEP AL GORE;40981;31;SI;SI;NO
279;IEP AL GORE;40982;31;SI;NO;NO
280;IEP AL GORE;40983;31;SI;SI;NO
281;IEP RENE DESCARTES;40984;32;SI;SI;NO
282;IEP RENE DESCARTES;40985;32;SI;SI;NO
283;IEP RENE DESCARTES;40986;32;SI;SI;NO
284;IEP RENE DESCARTES;40987;32;SI;SI;NO
285;IEP RENE DESCARTES;40988;32;SI;SI;NO
286;IEP RENE DESCARTES;40989;32;SI;SI;NO
287;IEP RENE DESCARTES;40990;32;SI;SI;NO
288;IEP SANTA MARIA DE JESUS;39993;33;SI;SI;NO
289;IEP SANTA MARIA DE JESUS;39994;33;SI;SI;NO
290;IEP SANTA MARIA DE JESUS;39995;33;SI;SI;NO
291;IEP SANTA MARIA DE JESUS;39996;33;SI;SI;NO
292;IE 2007 SAN MARTIN DE PORRES;39997;34;SI;SI;NO
293;IE 2007 SAN MARTIN DE PORRES;39998;34;SI;SI;NO
294;IE 2007 SAN MARTIN DE PORRES;39999;34;NO;SI;NO
295;IE 2007 SAN MARTIN DE PORRES;40000;34;SI;SI;NO
296;IE 2007 SAN MARTIN DE PORRES;40001;34;SI;SI;NO
297;IE 2007 SAN MARTIN DE PORRES;40002;34;SI;SI;SI
298;IE 2016 FRANCISCO BOLOGNESI;40003;35;SI;SI;NO
299;IE 2016 FRANCISCO BOLOGNESI;40004;35;SI;SI;NO
300;IE 2016 FRANCISCO BOLOGNESI;40005;35;SI;SI;NO
301;IE 2016 FRANCISCO BOLOGNESI;40006;35;SI;SI;NO
302;IE 2016 FRANCISCO BOLOGNESI;40007;35;SI;SI;NO
303;IE 2020 MAESTRO JOSE ANTONCIO ENCINAS;40008;36;SI;SI;NO
304;IE 2020 MAESTRO JOSE ANTONCIO ENCINAS;40009;36;SI;SI;NO
305;IE 2020 MAESTRO JOSE ANTONCIO ENCINAS;40010;36;SI;SI;NO
306;IE 2020 MAESTRO JOSE ANTONCIO ENCINAS;40011;36;SI;SI;NO
307;IE 2020 MAESTRO JOSE ANTONCIO ENCINAS;40012;36;SI;SI;NO
308;IE 2020 MAESTRO JOSE ANTONCIO ENCINAS;40013;36;SI;SI;NO
309;IE 2020 MAESTRO JOSE ANTONCIO ENCINAS;40014;36;SI;SI;NO
310;IE 2022 SINCHI ROCA;40015;37;SI;SI;NO
311;IE 2022 SINCHI ROCA;40016;37;SI;SI;NO
312;IE 2022 SINCHI ROCA;40017;37;SI;SI;NO
313;IE 2022 SINCHI ROCA;40018;37;SI;SI;NO
314;IE 2022 SINCHI ROCA;40019;37;SI;SI;NO
315;IE 2022 SINCHI ROCA;40020;37;SI;SI;NO
316;IE 2022 SINCHI ROCA;40021;37;SI;SI;NO
317;IE 2022 SINCHI ROCA;40022;37;SI;SI;NO
318;IE 2022 SINCHI ROCA;40023;37;SI;SI;NO
319;IE 2022 SINCHI ROCA;40024;37;SI;SI;NO
320;IE 2022 SINCHI ROCA;40025;37;SI;SI;NO
321;IE 2022 SINCHI ROCA;40026;37;SI;SI;NO
322;IE 2022 SINCHI ROCA;40027;37;SI;SI;NO
323;IE 2022 SINCHI ROCA;40028;37;SI;SI;NO
324;IE 2022 SINCHI ROCA;40029;37;SI;SI;NO
325;IE 2022 SINCHI ROCA;40030;37;SI;SI;SI
326;IE 2022 SINCHI ROCA;40031;37;SI;SI;NO
327;IE 2022 SINCHI ROCA;40032;37;SI;SI;NO
328;IE 2022 SINCHI ROCA;40033;37;SI;SI;NO
329;IE 2022 SINCHI ROCA;40034;37;SI;SI;NO
330;IE 2022 SINCHI ROCA;40035;37;SI;SI;NO
331;IE 2040 REPUBLICA DE CUBA;40036;38;SI;SI;NO
332;IE 2040 REPUBLICA DE CUBA;40037;38;SI;SI;NO
333;IE 2040 REPUBLICA DE CUBA;40038;38;SI;SI;SI
334;IE 2040 REPUBLICA DE CUBA;40039;38;SI;SI;NO
335;IE 2040 REPUBLICA DE CUBA;40040;38;SI;SI;NO
336;IE 2040 REPUBLICA DE CUBA;40041;38;SI;SI;SI
337;IE 2040 REPUBLICA DE CUBA;40042;38;SI;SI;NO
338;IE 2040 REPUBLICA DE CUBA;40043;38;SI;SI;NO
339;IE 2040 REPUBLICA DE CUBA;40044;38;SI;SI;NO
340;IE 2040 REPUBLICA DE CUBA;40045;38;SI;SI;NO
341;IE 2040 REPUBLICA DE CUBA;40046;38;SI;SI;NO
342;IE 2040 REPUBLICA DE CUBA;40047;38;SI;SI;NO
343;IE 2040 REPUBLICA DE CUBA;40048;38;SI;SI;NO
344;IE 2040 REPUBLICA DE CUBA;40049;38;SI;SI;NO
345;IE 2040 REPUBLICA DE CUBA;40050;38;SI;SI;NO
346;IE 2040 REPUBLICA DE CUBA;40051;38;SI;SI;NO
347;IE 2040 REPUBLICA DE CUBA;40052;38;SI;SI;SI
348;IE 2040 REPUBLICA DE CUBA;40053;38;SI;SI;NO
349;IE 2040 REPUBLICA DE CUBA;40054;38;SI;SI;NO
350;IE 2040 REPUBLICA DE CUBA;40055;38;SI;SI;NO
351;IE 2040 REPUBLICA DE CUBA;40056;38;SI;SI;NO
352;IE 2040 REPUBLICA DE CUBA;40057;38;SI;SI;NO
353;IE 2040 REPUBLICA DE CUBA;40058;38;SI;SI;NO
354;IE 2040 REPUBLICA DE CUBA;40059;38;SI;SI;NO
355;IE 2040 REPUBLICA DE CUBA;40060;38;SI;SI;NO
356;IE 2040 REPUBLICA DE CUBA;40061;38;SI;SI;NO
357;IE 2040 REPUBLICA DE CUBA;40062;38;SI;SI;NO
358;IE 2040 REPUBLICA DE CUBA;40063;38;SI;SI;SI
359;IE 2048 JOSE CARLOS MARIATEGUI;40064;39;SI;SI;NO
360;IE 2048 JOSE CARLOS MARIATEGUI;40065;39;SI;SI;NO
361;IE 2048 JOSE CARLOS MARIATEGUI;40066;39;SI;SI;NO
362;IE 2048 JOSE CARLOS MARIATEGUI;40067;39;SI;SI;NO
363;IE 2048 JOSE CARLOS MARIATEGUI;40068;39;SI;SI;NO
364;IE 2048 JOSE CARLOS MARIATEGUI;40069;39;SI;SI;NO
365;IE 2048 JOSE CARLOS MARIATEGUI;40070;39;SI;SI;NO
366;IE 2048 JOSE CARLOS MARIATEGUI;40071;39;SI;SI;NO
367;IE 2048 JOSE CARLOS MARIATEGUI;40072;39;SI;SI;NO
368;IE 2048 JOSE CARLOS MARIATEGUI;40073;39;SI;SI;NO
369;IE 2048 JOSE CARLOS MARIATEGUI;40074;39;SI;SI;NO
370;IE 2048 JOSE CARLOS MARIATEGUI;40075;39;SI;SI;NO
371;IE 2048 JOSE CARLOS MARIATEGUI;40076;39;SI;SI;NO
372;IE 2048 JOSE CARLOS MARIATEGUI;40077;39;SI;SI;NO
373;IE 2048 JOSE CARLOS MARIATEGUI;40078;39;SI;SI;NO
374;IE 2048 JOSE CARLOS MARIATEGUI;40079;39;SI;SI;NO
375;IE 2048 JOSE CARLOS MARIATEGUI;40080;39;SI;SI;SI
376;IE 2048 JOSE CARLOS MARIATEGUI;40081;39;SI;SI;NO
377;IE 2048 JOSE CARLOS MARIATEGUI;40082;39;SI;SI;NO
378;IE 2048 JOSE CARLOS MARIATEGUI;40083;39;SI;SI;NO
379;IE 2048 JOSE CARLOS MARIATEGUI;40084;39;SI;SI;NO
380;IE 2048 JOSE CARLOS MARIATEGUI;40085;39;SI;SI;NO
381;IE 2048 JOSE CARLOS MARIATEGUI;40086;39;SI;SI;NO
382;IE 2048 JOSE CARLOS MARIATEGUI;40087;39;SI;SI;NO
383;IE 2048 JOSE CARLOS MARIATEGUI;40088;39;SI;SI;NO
384;IE 2048 JOSE CARLOS MARIATEGUI;40089;39;SI;SI;NO
385;IE 2048 JOSE CARLOS MARIATEGUI;40090;39;SI;SI;NO
386;IE 2048 JOSE CARLOS MARIATEGUI;40091;39;SI;SI;NO
387;IE 2048 JOSE CARLOS MARIATEGUI;40092;39;SI;SI;NO
388;IE 2059 SUECIA;40093;40;SI;SI;NO
389;IE 2059 SUECIA;40094;40;SI;SI;NO
390;IE 2059 SUECIA;40095;40;SI;SI;NO
391;IE 2059 SUECIA;40096;40;SI;SI;NO
392;IE 2059 SUECIA;40097;40;SI;SI;NO
393;IE 2059 SUECIA;40098;40;SI;SI;NO
394;IE 2059 SUECIA;40099;40;SI;SI;NO
395;IE 2059 SUECIA;40100;40;SI;SI;NO
396;IE 2059 SUECIA;40101;40;SI;NO;SI
397;IE 2059 SUECIA;40102;40;SI;SI;NO
398;IE 2059 SUECIA;40103;40;SI;SI;NO
399;IE 2059 SUECIA;40104;40;SI;SI;NO
400;IE 2059 SUECIA;40105;40;SI;SI;NO
401;IE 2059 SUECIA;40106;40;SI;SI;NO
402;IE 2059 SUECIA;40107;40;SI;SI;NO
403;IE 2059 SUECIA;40108;40;SI;SI;NO
404;IE 2059 SUECIA;40109;40;SI;SI;NO
405;IE 2059 SUECIA;40110;40;SI;SI;NO
406;IE 2059 SUECIA;40111;40;SI;SI;NO
407;IE 2077 SAN MARTIN DE PORRES;40112;41;SI;SI;NO
408;IE 2077 SAN MARTIN DE PORRES;40113;41;SI;SI;NO
409;IE 2077 SAN MARTIN DE PORRES;40114;41;SI;SI;NO
410;IE 2077 SAN MARTIN DE PORRES;40115;41;SI;SI;NO
411;IE 2077 SAN MARTIN DE PORRES;40116;41;SI;SI;NO
412;IE 2077 SAN MARTIN DE PORRES;40117;41;SI;SI;NO
413;IE 2077 SAN MARTIN DE PORRES;40118;41;SI;SI;NO
414;IE 2077 SAN MARTIN DE PORRES;40119;41;SI;SI;NO
415;IE 2077 SAN MARTIN DE PORRES;40120;41;SI;SI;NO
416;IE 2077 SAN MARTIN DE PORRES;40121;41;SI;SI;NO
417;IE 2077 SAN MARTIN DE PORRES;40122;41;SI;SI;NO
418;IE 2077 SAN MARTIN DE PORRES;40123;41;SI;SI;NO
419;IE 2077 SAN MARTIN DE PORRES;40124;41;SI;SI;NO
420;IE 2077 SAN MARTIN DE PORRES;40125;41;SI;NO;NO
421;IE 2077 SAN MARTIN DE PORRES;40126;41;SI;SI;NO
422;IE 2085 SAN AGUSTIN;40127;42;SI;SI;NO
423;IE 2085 SAN AGUSTIN;40128;42;SI;SI;NO
424;IE 2085 SAN AGUSTIN;40129;42;SI;SI;NO
425;IE 2085 SAN AGUSTIN;40130;42;SI;SI;NO
426;IE 2085 SAN AGUSTIN;40131;42;SI;SI;NO
427;IE 2085 SAN AGUSTIN;40132;42;SI;SI;NO
428;IE 2085 SAN AGUSTIN;40133;42;SI;SI;NO
429;IE 2085 SAN AGUSTIN;40134;42;SI;SI;NO
430;IE 2085 SAN AGUSTIN;40135;42;SI;SI;NO
431;IE 2085 SAN AGUSTIN;40136;42;SI;SI;NO
432;IE 2085 SAN AGUSTIN;40137;42;SI;SI;NO
433;IE 2085 SAN AGUSTIN;40138;42;SI;SI;NO
434;IE 2085 SAN AGUSTIN;40139;42;SI;SI;NO
435;IE 2085 SAN AGUSTIN;40140;42;SI;SI;NO
436;IE 2085 SAN AGUSTIN;40141;42;SI;SI;NO
437;IE 2085 SAN AGUSTIN;40142;42;SI;SI;NO
438;IE 2085 SAN AGUSTIN;40143;42;SI;SI;NO
439;IE 2085 SAN AGUSTIN;40144;42;SI;SI;NO
440;IE 2085 SAN AGUSTIN;40145;42;SI;SI;NO
441;IE 2085 SAN AGUSTIN;40146;42;SI;SI;NO
442;IE 2085 SAN AGUSTIN;40147;42;SI;SI;NO
443;IE 2085 SAN AGUSTIN;40148;42;SI;SI;SI
444;IE PERU HOLANDA;40149;43;SI;SI;NO
445;IE PERU HOLANDA;40150;43;SI;SI;NO
446;IE PERU HOLANDA;40151;43;SI;SI;SI
447;IE PERU HOLANDA;40152;43;SI;SI;SI
448;IE PERU HOLANDA;40153;43;SI;SI;NO
449;IE PERU HOLANDA;40154;43;SI;SI;NO
450;IE PERU HOLANDA;40155;43;SI;SI;NO
451;IE PERU HOLANDA;40156;43;SI;SI;NO
452;IE PERU HOLANDA;40157;43;SI;SI;NO
453;IE PERU HOLANDA;40158;43;SI;SI;NO
454;IE PERU HOLANDA;40159;43;NO;SI;NO
455;IE PERU HOLANDA;40160;43;NO;SI;NO
456;IE PERU HOLANDA;40161;43;SI;SI;NO
457;IE PERU HOLANDA;40162;43;SI;SI;NO
458;IE PERU HOLANDA;40163;43;SI;SI;NO
459;IE PERU HOLANDA;40164;43;SI;SI;NO
460;IE PERU HOLANDA;40165;43;SI;SI;NO
461;IE PERU HOLANDA;40166;43;SI;SI;NO
462;IE 2097;40173;44;SI;SI;NO
463;IE 2097;40174;44;SI;SI;NO
464;IE 2097;40175;44;SI;SI;NO
465;IE 2097;40176;44;SI;SI;NO
466;IE 2097;40177;44;SI;SI;NO
467;IE 2097;40178;44;SI;SI;NO
468;IE 2097;40179;44;SI;SI;NO
469;IE 2097;40180;44;SI;SI;NO
470;IE 2097;40181;44;SI;SI;NO
471;IE 2097;40182;44;SI;SI;NO
472;IE 2097;40183;44;SI;SI;NO
473;IE 2100 JUAN VELASCO ALVARADO;40184;45;SI;SI;NO
474;IE 2100 JUAN VELASCO ALVARADO;40185;45;SI;SI;NO
475;IE 2100 JUAN VELASCO ALVARADO;40186;45;SI;SI;NO
476;IE 2100 JUAN VELASCO ALVARADO;40187;45;SI;SI;NO
477;IE 2100 JUAN VELASCO ALVARADO;40188;45;SI;SI;NO
478;IE 2100 JUAN VELASCO ALVARADO;40189;45;SI;SI;NO
479;IE 2100 JUAN VELASCO ALVARADO;40190;45;SI;SI;NO
480;IE 2100 JUAN VELASCO ALVARADO;40191;45;SI;SI;NO
481;IE 2100 JUAN VELASCO ALVARADO;40192;45;SI;SI;NO
482;IE 2100 JUAN VELASCO ALVARADO;40193;45;SI;SI;NO
483;IE 2100 JUAN VELASCO ALVARADO;40194;45;SI;SI;NO
484;IE 2100 JUAN VELASCO ALVARADO;40195;45;SI;SI;NO
485;IE 2100 JUAN VELASCO ALVARADO;40196;45;SI;SI;NO
486;IE 2100 JUAN VELASCO ALVARADO;40197;45;SI;SI;SI
487;IE 2100 JUAN VELASCO ALVARADO;40198;45;SI;SI;NO
488;IE 2100 JUAN VELASCO ALVARADO;40199;45;SI;SI;NO
489;IE 2100 JUAN VELASCO ALVARADO;40200;45;SI;SI;NO
490;IE 2100 JUAN VELASCO ALVARADO;40201;45;SI;SI;NO
491;IE 2100 JUAN VELASCO ALVARADO;40202;45;SI;SI;NO
492;IE 2100 JUAN VELASCO ALVARADO;40203;45;SI;SI;NO
493;IE 2100 JUAN VELASCO ALVARADO;40204;45;SI;SI;NO
494;IE 3055 TUPAC AMARU;40223;46;SI;SI;NO
495;IE 3055 TUPAC AMARU;40224;46;SI;SI;NO
496;IE 3055 TUPAC AMARU;40225;46;SI;SI;NO
497;IE 3055 TUPAC AMARU;40226;46;SI;SI;NO
498;IE 3055 TUPAC AMARU;40227;46;SI;SI;SI
499;IE 3055 TUPAC AMARU;40228;46;SI;SI;SI
500;IE 3055 TUPAC AMARU;40229;46;NO;SI;NO
501;IE 3055 TUPAC AMARU;40230;46;SI;SI;NO
502;IE 3055 TUPAC AMARU;40231;46;SI;SI;NO
503;IE 3055 TUPAC AMARU;40232;46;SI;SI;NO
504;IE 3055 TUPAC AMARU;40233;46;SI;SI;NO
505;IE 3055 TUPAC AMARU;40234;46;SI;SI;NO
506;IE 3055 TUPAC AMARU;40235;46;SI;SI;NO
507;IE 3055 TUPAC AMARU;40236;46;SI;SI;SI
508;IE 3055 TUPAC AMARU;40237;46;SI;SI;NO
509;IE 3055 TUPAC AMARU;40238;46;SI;SI;NO
510;IE 3055 TUPAC AMARU;40239;46;SI;SI;NO
511;IE 3055 TUPAC AMARU;40240;46;SI;SI;NO
512;IE 3055 TUPAC AMARU;40241;46;SI;SI;NO
513;IE 3055 TUPAC AMARU;40242;46;SI;SI;NO
514;IE 3055 TUPAC AMARU;40243;46;SI;SI;NO
515;IE 3055 TUPAC AMARU;40244;46;SI;SI;NO
516;IE 3055 TUPAC AMARU;40245;46;SI;SI;NO
517;IE 3055 TUPAC AMARU;40246;46;SI;SI;NO
518;IE 3055 TUPAC AMARU;40247;46;SI;SI;NO
519;IE 3055 TUPAC AMARU;40248;46;SI;SI;NO
520;IE 3055 TUPAC AMARU;40249;46;SI;SI;NO
521;IE 3055 TUPAC AMARU;40250;46;SI;SI;NO
522;IE 3055 TUPAC AMARU;40251;46;SI;SI;SI
523;IE 3055 TUPAC AMARU;40252;46;SI;SI;SI
524;IE 3055 TUPAC AMARU;40253;46;SI;SI;NO
525;IE 3055 TUPAC AMARU;40254;46;SI;SI;NO
526;IE 3055 TUPAC AMARU;40255;46;SI;SI;NO
527;IE 3055 TUPAC AMARU;40256;46;SI;SI;NO
528;IE 3055 TUPAC AMARU;40257;46;SI;SI;NO
529;IE 3055 TUPAC AMARU;40258;46;SI;SI;NO
530;IE 3055 TUPAC AMARU;40259;46;SI;SI;NO
531;IE 3055 TUPAC AMARU;40260;46;SI;SI;NO
532;IE 3055 TUPAC AMARU;40261;46;SI;SI;NO
533;IE 3060 ALFONSO UGARTE VERNAL;40262;47;SI;SI;NO
534;IE 3060 ALFONSO UGARTE VERNAL;40263;47;SI;SI;NO
535;IE 3060 ALFONSO UGARTE VERNAL;40264;47;SI;SI;NO
536;IE 3060 ALFONSO UGARTE VERNAL;40265;47;SI;SI;NO
537;IE 3060 ALFONSO UGARTE VERNAL;40266;47;SI;SI;NO
538;IE 3060 ALFONSO UGARTE VERNAL;40267;47;SI;SI;NO
539;IE 3060 ALFONSO UGARTE VERNAL;40268;47;SI;SI;NO
540;IE 3060 ALFONSO UGARTE VERNAL;40269;47;SI;SI;NO
541;IE 3060 ALFONSO UGARTE VERNAL;40270;47;SI;SI;NO
542;IE 3060 ALFONSO UGARTE VERNAL;40271;47;SI;SI;NO
543;IE 3060 ALFONSO UGARTE VERNAL;40272;47;SI;SI;NO
544;IE 3060 ALFONSO UGARTE VERNAL;40273;47;SI;SI;NO
545;IE 3060 ALFONSO UGARTE VERNAL;40274;47;SI;SI;NO
546;IE 3061 JORGE CHAVEZ DARTNELL;40275;48;SI;SI;NO
547;IE 3061 JORGE CHAVEZ DARTNELL;40276;48;SI;SI;NO
548;IE 3061 JORGE CHAVEZ DARTNELL;40277;48;SI;SI;NO
549;IE 3061 JORGE CHAVEZ DARTNELL;40278;48;SI;SI;NO
550;IE 3061 JORGE CHAVEZ DARTNELL;40279;48;SI;SI;NO
551;IE 3061 JORGE CHAVEZ DARTNELL;40280;48;SI;SI;NO
552;IE 3061 JORGE CHAVEZ DARTNELL;40281;48;SI;SI;NO
553;IE 3061 JORGE CHAVEZ DARTNELL;40282;48;SI;SI;NO
554;IE 3062 SANTA ROSA;40283;49;SI;SI;NO
555;IE 3062 SANTA ROSA;40284;49;SI;SI;NO
556;IE 3062 SANTA ROSA;40285;49;SI;SI;NO
557;IE 3062 SANTA ROSA;40286;49;NO;SI;NO
558;IE 3062 SANTA ROSA;40287;49;NO;SI;NO
559;IE 3062 SANTA ROSA;40288;49;SI;SI;NO
560;IE 3062 SANTA ROSA;40289;49;SI;SI;NO
561;IE 3062 SANTA ROSA;40290;49;NO;SI;NO
562;IE 3062 SANTA ROSA;40291;49;SI;SI;NO
563;IE 3062 SANTA ROSA;40292;49;SI;SI;NO
564;IE 3062 SANTA ROSA;40293;49;SI;SI;NO
565;IE 3064;40294;50;SI;SI;NO
566;IE 3064;40295;50;SI;SI;NO
567;IE 3064;40296;50;SI;SI;NO
568;IE 3064;40297;50;SI;SI;NO
569;IE 3064;40298;50;SI;SI;NO
570;IE 3064;40299;50;SI;SI;NO
571;IE 3064;40300;50;SI;SI;NO
572;IE 3065 VIRGEN DEL CARMEN;40301;51;SI;SI;NO
573;IE 3065 VIRGEN DEL CARMEN;40302;51;SI;SI;NO
574;IE 3065 VIRGEN DEL CARMEN;40303;51;SI;SI;NO
575;IE 3065 VIRGEN DEL CARMEN;40304;51;SI;NO;NO
576;IE 3065 VIRGEN DEL CARMEN;40305;51;SI;SI;NO
577;IE 3065 VIRGEN DEL CARMEN;40306;51;SI;SI;NO
578;IE 3065 VIRGEN DEL CARMEN;40307;51;SI;SI;NO
579;IE 3065 VIRGEN DEL CARMEN;40308;51;SI;SI;NO
580;IE 3065 VIRGEN DEL CARMEN;40309;51;SI;SI;NO
581;IE 3065 VIRGEN DEL CARMEN;40310;51;SI;SI;NO
582;IE 3065 VIRGEN DEL CARMEN;40311;51;SI;SI;NO
583;IE 3065 VIRGEN DEL CARMEN;40312;51;SI;SI;NO
584;IE 3065 VIRGEN DEL CARMEN;40313;51;SI;SI;NO
585;IE 3065 VIRGEN DEL CARMEN;40314;51;SI;SI;NO
586;IE 3065 VIRGEN DEL CARMEN;40315;51;SI;NO;SI
587;IE 3066 SEÑOR DE LOS MILAGROS;40316;52;SI;SI;NO
588;IE 3066 SEÑOR DE LOS MILAGROS;40317;52;SI;SI;NO
589;IE 3066 SEÑOR DE LOS MILAGROS;40318;52;SI;SI;NO
590;IE 3066 SEÑOR DE LOS MILAGROS;40319;52;SI;SI;NO
591;IE 3066 SEÑOR DE LOS MILAGROS;40320;52;SI;SI;NO
592;IE 3066 SEÑOR DE LOS MILAGROS;40321;52;SI;SI;NO
593;IE 3066 SEÑOR DE LOS MILAGROS;40322;52;SI;NO;NO
594;IE 3066 SEÑOR DE LOS MILAGROS;40323;52;SI;SI;NO
595;IE 3066 SEÑOR DE LOS MILAGROS;40324;52;SI;SI;NO
596;IE 3066 SEÑOR DE LOS MILAGROS;40325;52;SI;SI;NO
597;IE 3066 SEÑOR DE LOS MILAGROS;40326;52;SI;SI;NO
598;IE 3077 EL ALAMO;40327;53;SI;SI;NO
599;IE 3077 EL ALAMO;40328;53;SI;SI;NO
600;IE 3077 EL ALAMO;40329;53;SI;SI;NO
601;IE 3077 EL ALAMO;40330;53;SI;SI;NO
602;IE 3077 EL ALAMO;40331;53;SI;SI;NO
603;IE 3082 SEÑOR DE LOS MILAGROS;40332;54;SI;SI;NO
604;IE 3082 SEÑOR DE LOS MILAGROS;40333;54;SI;SI;NO
605;IE 3082 SEÑOR DE LOS MILAGROS;40334;54;SI;SI;NO
606;IE 3082 SEÑOR DE LOS MILAGROS;40335;54;SI;NO;SI
607;IE 3082 SEÑOR DE LOS MILAGROS;40336;54;SI;SI;NO
608;IE 3082 SEÑOR DE LOS MILAGROS;40337;54;SI;SI;NO
609;IE 3082 SEÑOR DE LOS MILAGROS;40338;54;SI;SI;NO
610;IE 3082 SEÑOR DE LOS MILAGROS;40339;54;SI;NO;SI
611;IE 3082 SEÑOR DE LOS MILAGROS;40340;54;SI;SI;NO
612;IE 3096 FRANZ TAMAYO SOLARES;40341;55;SI;SI;NO
613;IE 3096 FRANZ TAMAYO SOLARES;40342;55;SI;SI;NO
614;IE 3096 FRANZ TAMAYO SOLARES;40343;55;SI;SI;NO
615;IE 3096 FRANZ TAMAYO SOLARES;40344;55;SI;SI;NO
616;IE 3096 FRANZ TAMAYO SOLARES;40345;55;SI;SI;SI
617;IE 3096 FRANZ TAMAYO SOLARES;40346;55;SI;SI;SI
618;IE 3096 FRANZ TAMAYO SOLARES;40347;55;SI;SI;NO
619;IE 3096 FRANZ TAMAYO SOLARES;40348;55;SI;SI;NO
620;IE 3096 FRANZ TAMAYO SOLARES;40349;55;SI;SI;NO
621;IE 3096 FRANZ TAMAYO SOLARES;40350;55;SI;SI;NO
622;IE 3096 FRANZ TAMAYO SOLARES;40351;55;SI;SI;NO
623;IE 3096 FRANZ TAMAYO SOLARES;40352;55;SI;SI;NO
624;IE 3096 FRANZ TAMAYO SOLARES;40353;55;SI;SI;NO
625;IE 3096 FRANZ TAMAYO SOLARES;40354;55;SI;SI;NO
626;IE 8157 REPUBLICA DE FRANCIA;40355;56;SI;SI;NO
627;IE 8157 REPUBLICA DE FRANCIA;40356;56;SI;SI;NO
628;IE 8157 REPUBLICA DE FRANCIA;40357;56;SI;SI;NO
629;IE 8157 REPUBLICA DE FRANCIA;40358;56;SI;SI;NO
630;IE 8157 REPUBLICA DE FRANCIA;40359;56;SI;SI;NO
631;IE 8160 LOS CHASQUIS;40360;57;SI;SI;NO
632;IE 8160 LOS CHASQUIS;40361;57;SI;SI;NO
633;IE 8160 LOS CHASQUIS;40362;57;SI;SI;NO
634;IE 8160 LOS CHASQUIS;40363;57;SI;SI;NO
635;IE 8160 LOS CHASQUIS;40364;57;SI;SI;NO
636;IE 8160 LOS CHASQUIS;40365;57;SI;SI;NO
637;IE 8160 LOS CHASQUIS;40366;57;SI;SI;NO
638;IE 8160 LOS CHASQUIS;40367;57;SI;SI;NO
639;IE 8160 LOS CHASQUIS;40368;57;SI;SI;NO
640;IE 8160 LOS CHASQUIS;40369;57;SI;SI;NO
641;IE 8160 LOS CHASQUIS;40370;57;SI;SI;NO
642;IE 8160 LOS CHASQUIS;40371;57;SI;SI;NO
643;IE 8160 LOS CHASQUIS;40372;57;SI;SI;NO
644;IE 8162;40373;58;SI;SI;NO
645;IE 8162;40374;58;SI;NO;NO
646;IE 8162;40375;58;SI;SI;NO
647;IE 8162;40376;58;SI;SI;NO
648;IE 8162;40377;58;SI;SI;NO
649;IE 8162;40378;58;SI;SI;NO
650;IE 8162;40379;58;SI;SI;NO
651;IE 8173 SANTA ISOLINA;40380;59;SI;SI;NO
652;IE 8173 SANTA ISOLINA;40381;59;SI;SI;NO
653;IE 8173 SANTA ISOLINA;40382;59;SI;SI;NO
654;IE 8173 SANTA ISOLINA;40383;59;SI;SI;NO
655;IE 8173 SANTA ISOLINA;40384;59;SI;SI;NO
656;IE 8173 SANTA ISOLINA;40385;59;SI;SI;NO
657;IE 8173 SANTA ISOLINA;40386;59;SI;SI;NO
658;IE 8173 SANTA ISOLINA;40387;59;SI;NO;NO
659;IE 8173 SANTA ISOLINA;40388;59;SI;SI;NO
660;IE 8173 SANTA ISOLINA;40389;59;SI;SI;NO
661;IE EMBLEMATICA CARLOS WIESSE;40213;60;SI;SI;NO
662;IE EMBLEMATICA CARLOS WIESSE;40214;60;SI;SI;NO
663;IE EMBLEMATICA CARLOS WIESSE;40215;60;SI;SI;NO
664;IE EMBLEMATICA CARLOS WIESSE;40216;60;SI;SI;NO
665;IE EMBLEMATICA CARLOS WIESSE;40217;60;SI;SI;NO
666;IE EMBLEMATICA CARLOS WIESSE;40218;60;SI;SI;NO
667;IE EMBLEMATICA CARLOS WIESSE;40219;60;SI;SI;NO
668;IE EMBLEMATICA CARLOS WIESSE;40220;60;SI;SI;NO
669;IE EMBLEMATICA CARLOS WIESSE;40221;60;SI;SI;NO
670;IE EMBLEMATICA CARLOS WIESSE;40222;60;SI;SI;SI
671;IE EMBLEMATICA CARLOS WIESSE;40390;60;SI;SI;NO
672;IE EMBLEMATICA CARLOS WIESSE;40391;60;SI;SI;NO
673;IE EMBLEMATICA CARLOS WIESSE;40392;60;SI;SI;NO
674;IE EMBLEMATICA CARLOS WIESSE;40393;60;SI;SI;NO
675;IE EMBLEMATICA CARLOS WIESSE;40394;60;SI;SI;SI
676;IE EL AMAUTA;40395;61;SI;SI;NO
677;IE EL AMAUTA;40396;61;SI;SI;NO
678;IE EL AMAUTA;40397;61;SI;SI;NO
679;IE EL AMAUTA;40398;61;SI;SI;NO
680;IE EL AMAUTA;40399;61;SI;SI;NO
681;IE EL AMAUTA;40400;61;SI;SI;NO
682;IE EL AMAUTA;40401;61;SI;SI;NO
683;CEBE LUIS BRAILE;40402;62;SI;SI;NO
684;CEBE LUIS BRAILE;40403;62;SI;SI;NO
685;CEBE LUIS BRAILE;40404;62;SI;SI;NO
686;CEBE LUIS BRAILE;40405;62;SI;SI;NO
687;CEBE LUIS BRAILE;40406;62;SI;NO;SI
688;CEBE LUIS BRAILE;40565;62;SI;SI;NO
689;CEBE LUIS BRAILE;40566;62;SI;SI;NO
690;CEBE LUIS BRAILE;40567;62;SI;SI;NO
691;CEBE LUIS BRAILE;40568;62;SI;NO;SI
692;CEBE LUIS BRAILE;40569;62;SI;SI;NO
693;CEBE LUIS BRAILE;40570;62;SI;SI;NO
694;CEBE LUIS BRAILE;40571;62;SI;SI;NO
695;IE ESTHER FESTINI DE RAMOS OCAMPO;40407;63;SI;SI;NO
696;IE ESTHER FESTINI DE RAMOS OCAMPO;40408;63;SI;SI;NO
697;IE ESTHER FESTINI DE RAMOS OCAMPO;40409;63;SI;SI;NO
698;IE ESTHER FESTINI DE RAMOS OCAMPO;40410;63;SI;SI;NO
699;IE ESTHER FESTINI DE RAMOS OCAMPO;40411;63;SI;SI;NO
700;IE ESTHER FESTINI DE RAMOS OCAMPO;40412;63;SI;SI;NO
701;IE ESTHER FESTINI DE RAMOS OCAMPO;40413;63;SI;SI;NO
702;IE ESTHER FESTINI DE RAMOS OCAMPO;40414;63;SI;SI;NO
703;IE ESTHER FESTINI DE RAMOS OCAMPO;40415;63;SI;SI;NO
704;IE ESTHER FESTINI DE RAMOS OCAMPO;40416;63;SI;SI;NO
705;IE FE Y ALEGRIA 10;40417;64;SI;SI;NO
706;IE FE Y ALEGRIA 10;40418;64;SI;SI;NO
707;IE FE Y ALEGRIA 10;40419;64;SI;SI;NO
708;IE FE Y ALEGRIA 10;40420;64;SI;SI;SI
709;IE FE Y ALEGRIA 10;40421;64;SI;SI;NO
710;IE FE Y ALEGRIA 10;40422;64;SI;SI;NO
711;IE FE Y ALEGRIA 10;40423;64;SI;SI;NO
712;IE FE Y ALEGRIA 10;40424;64;SI;SI;NO
713;IE FE Y ALEGRIA 10;40425;64;SI;SI;NO
714;IE FE Y ALEGRIA 10;40426;64;SI;SI;NO
715;IE FE Y ALEGRIA 10;40427;64;SI;SI;SI
716;IE FE Y ALEGRIA 10;40428;64;SI;SI;NO
717;IE FE Y ALEGRIA 10;40429;64;SI;SI;NO
718;IE FE Y ALEGRIA 13;40430;65;SI;NO;NO
719;IE FE Y ALEGRIA 13;40431;65;SI;SI;NO
720;IE FE Y ALEGRIA 13;40432;65;SI;SI;NO
721;IE FE Y ALEGRIA 13;40433;65;SI;SI;NO
722;IE FE Y ALEGRIA 13;40434;65;SI;SI;NO
723;IE FE Y ALEGRIA 13;40435;65;SI;SI;NO
724;IE FE Y ALEGRIA 13;40436;65;SI;SI;NO
725;IE FE Y ALEGRIA 13;40437;65;SI;SI;NO
726;IE FE Y ALEGRIA 13;40438;65;SI;SI;NO
727;IE FE Y ALEGRIA 13;40439;65;SI;SI;NO
728;IE FE Y ALEGRIA 13;40440;65;SI;SI;NO
729;IE FE Y ALEGRIA 13;40441;65;SI;SI;NO
730;IE FE Y ALEGRIA 13;40442;65;SI;SI;SI
731;IE FE Y ALEGRIA 13;40443;65;SI;SI;NO
732;IE FE Y ALEGRIA 13;40444;65;SI;SI;NO
733;IE FE Y ALEGRIA 13;40445;65;SI;SI;NO
734;IE FE Y ALEGRIA 8;40446;66;SI;SI;NO
735;IE FE Y ALEGRIA 8;40447;66;SI;SI;NO
736;IE FE Y ALEGRIA 8;40448;66;SI;SI;NO
737;IE FE Y ALEGRIA 8;40449;66;SI;SI;NO
738;IE FE Y ALEGRIA 8;40450;66;SI;SI;NO
739;IE FE Y ALEGRIA 8;40451;66;SI;SI;NO
740;IE FE Y ALEGRIA 8;40452;66;SI;SI;NO
741;IE FE Y ALEGRIA 8;40453;66;SI;SI;NO
742;IE FE Y ALEGRIA 8;40454;66;SI;SI;NO
743;IE FE Y ALEGRIA 8;40455;66;SI;SI;NO
744;IE FE Y ALEGRIA 8;40456;66;SI;SI;NO
745;IE FE Y ALEGRIA 8;40457;66;SI;SI;NO
746;IE JOSE MARTI;40458;67;SI;SI;NO
747;IE JOSE MARTI;40459;67;SI;SI;NO
748;IE JOSE MARTI;40460;67;SI;SI;NO
749;IE JOSE MARTI;40461;67;SI;SI;NO
750;IE JOSE MARTI;40462;67;SI;SI;NO
751;IE JOSE MARTI;40463;67;SI;SI;NO
752;IE JOSE MARTI;40464;67;SI;SI;NO
753;IE JOSE MARTI;40465;67;SI;SI;NO
754;IE JUAN PABLO VIZCARDO Y GUZMAN;40466;68;SI;SI;NO
755;IE JUAN PABLO VIZCARDO Y GUZMAN;40467;68;SI;SI;NO
756;IE JUAN PABLO VIZCARDO Y GUZMAN;40468;68;SI;SI;NO
757;IE JUAN PABLO VIZCARDO Y GUZMAN;40469;68;SI;SI;NO
758;IE JUAN PABLO VIZCARDO Y GUZMAN;40470;68;SI;SI;NO
759;IE JUAN PABLO VIZCARDO Y GUZMAN;40471;68;SI;SI;NO
760;IE JUAN PABLO VIZCARDO Y GUZMAN;40472;68;SI;SI;NO
761;IE JUAN PABLO VIZCARDO Y GUZMAN;40473;68;SI;SI;NO
762;IE JUAN PABLO VIZCARDO Y GUZMAN;40474;68;SI;NO;SI
763;IE JUAN PABLO VIZCARDO Y GUZMAN;40475;68;SI;SI;NO
764;IE JUAN PABLO VIZCARDO Y GUZMAN;40476;68;SI;SI;NO
765;IE MARISCAL ANDRES AVELINO CACERES DORREGARAY;40167;69;SI;SI;NO
766;IE MARISCAL ANDRES AVELINO CACERES DORREGARAY;40168;69;SI;SI;NO
767;IE MARISCAL ANDRES AVELINO CACERES DORREGARAY;40169;69;SI;SI;NO
768;IE MARISCAL ANDRES AVELINO CACERES DORREGARAY;40170;69;SI;SI;NO
769;IE MARISCAL ANDRES AVELINO CACERES DORREGARAY;40171;69;SI;SI;NO
770;IE MARISCAL ANDRES AVELINO CACERES DORREGARAY;40172;69;SI;SI;NO
771;IE MARISCAL ANDRES AVELINO CACERES DORREGARAY;40477;69;SI;SI;NO
772;IE MARISCAL ANDRES AVELINO CACERES DORREGARAY;40478;69;SI;SI;NO
773;IE MARISCAL ANDRES AVELINO CACERES DORREGARAY;40479;69;SI;SI;NO
774;IE MARISCAL ANDRES AVELINO CACERES DORREGARAY;40480;69;SI;SI;NO
775;IE MARISCAL ANDRES AVELINO CACERES DORREGARAY;40481;69;SI;SI;NO
776;IE MARISCAL ANDRES AVELINO CACERES DORREGARAY;40482;69;SI;SI;NO
777;IE MARISCAL ANDRES AVELINO CACERES DORREGARAY;40483;69;SI;SI;NO
778;IE MARISCAL ANDRES AVELINO CACERES DORREGARAY;40484;69;SI;SI;NO
779;IE MARISCAL ANDRES AVELINO CACERES DORREGARAY;40485;69;SI;SI;NO
780;IE MARISCAL ANDRES AVELINO CACERES DORREGARAY;40486;69;SI;SI;NO
781;IE MARISCAL ANDRES AVELINO CACERES DORREGARAY;40487;69;SI;SI;NO
782;IE MARISCAL ANDRES AVELINO CACERES DORREGARAY;40488;69;SI;SI;NO
783;IE MARISCAL ANDRES AVELINO CACERES DORREGARAY;40489;69;SI;SI;NO
784;IE MARISCAL ANDRES AVELINO CACERES DORREGARAY;40490;69;SI;SI;NO
785;IE MARISCAL ANDRES AVELINO CACERES DORREGARAY;40491;69;SI;SI;NO
786;IE MARISCAL ANDRES AVELINO CACERES DORREGARAY;40492;69;SI;SI;NO
787;IE MARISCAL ANDRES AVELINO CACERES DORREGARAY;40493;69;SI;SI;NO
788;IE MARISCAL ANDRES AVELINO CACERES DORREGARAY;40494;69;SI;SI;SI
789;IE MARISCAL ANDRES AVELINO CACERES DORREGARAY;40495;69;SI;SI;SI
790;IE PERUANO SUIZO;40496;70;SI;SI;NO
791;IE PERUANO SUIZO;40497;70;SI;SI;NO
792;IE PERUANO SUIZO;40498;70;SI;SI;NO
793;IE PERUANO SUIZO;40499;70;SI;SI;NO
794;IE PERUANO SUIZO;40500;70;SI;SI;NO
795;IE PERUANO SUIZO;40501;70;SI;SI;NO
796;IE PERUANO SUIZO;40502;70;SI;SI;NO
797;IE PERUANO SUIZO;40503;70;SI;SI;NO
798;IE RAMON CASTILLA;40504;71;SI;SI;NO
799;IE RAMON CASTILLA;40505;71;SI;SI;NO
800;IE RAMON CASTILLA;40506;71;SI;SI;NO
801;IE RAMON CASTILLA;40507;71;SI;SI;NO
802;IE RAMON CASTILLA;40508;71;SI;SI;SI
803;IE RAMON CASTILLA;40509;71;SI;SI;NO
804;IE RAMON CASTILLA;40510;71;SI;SI;NO
805;IE RAMON CASTILLA;40511;71;SI;SI;NO
806;IE RAMON CASTILLA;40512;71;SI;SI;NO
807;IE SAN CARLOS;40513;72;SI;SI;NO
808;IE SAN CARLOS;40514;72;SI;SI;NO
809;IE SAN CARLOS;40515;72;SI;SI;NO
810;IE SAN CARLOS;40516;72;SI;SI;NO
811;IE SAN CARLOS;40517;72;SI;SI;NO
812;IE SAN CARLOS;40518;72;SI;SI;NO
813;IE SAN CARLOS;40519;72;SI;SI;NO
814;IE SAN CARLOS;40520;72;SI;SI;NO
815;IE SAN CARLOS;40521;72;SI;SI;NO
816;IE SAN CARLOS;40522;72;SI;SI;NO
817;IE SAN FELIPE;40523;73;SI;SI;NO
818;IE SAN FELIPE;40524;73;SI;SI;NO
819;IE SAN FELIPE;40525;73;SI;SI;NO
820;IE SAN FELIPE;40526;73;SI;SI;NO
821;IE SAN FELIPE;40527;73;SI;SI;NO
822;IE SAN FELIPE;40528;73;SI;SI;NO
823;IE SAN FELIPE;40529;73;SI;SI;NO
824;IE SAN FELIPE;40530;73;SI;SI;NO
825;IE SAN FELIPE;40531;73;SI;SI;NO
826;IE SAN FELIPE;40532;73;SI;SI;NO
827;IE SAN FELIPE;40533;73;SI;SI;NO
828;IE SAN FELIPE;40534;73;SI;SI;NO
829;IE SAN FELIPE;40535;73;SI;SI;NO
830;IE SAN FELIPE;40536;73;SI;SI;NO
831;IE SAN FELIPE;40537;73;SI;SI;NO
832;IE SAN FELIPE;40538;73;SI;SI;NO
833;IE SAN FELIPE;40539;73;SI;SI;NO
834;IE SAN FELIPE;40540;73;SI;SI;NO
835;IE SAN FELIPE;40541;73;SI;SI;NO
836;IE SAN FELIPE;40542;73;SI;SI;NO
837;IE SAN FELIPE;40543;73;SI;SI;NO
838;IE SAN FELIPE;40544;73;SI;SI;NO
839;IE SAN FELIPE;40545;73;SI;SI;NO
840;IE SAN FELIPE;40546;73;SI;SI;NO
841;IE ESTADOS UNIDOS;40547;74;SI;SI;NO
842;IE ESTADOS UNIDOS;40548;74;SI;SI;NO
843;IE ESTADOS UNIDOS;40549;74;SI;SI;NO
844;IE ESTADOS UNIDOS;40550;74;NO;SI;NO
845;IE ESTADOS UNIDOS;40551;74;SI;SI;NO
846;IE ESTADOS UNIDOS;40552;74;SI;SI;NO
847;IE ESTADOS UNIDOS;40553;74;NO;SI;NO
848;IE ESTADOS UNIDOS;40554;74;SI;SI;NO
849;IE ESTADOS UNIDOS;40555;74;SI;SI;NO
850;IE ESTADOS UNIDOS;40556;74;SI;SI;NO
851;IE ESTADOS UNIDOS;40557;74;SI;SI;NO
852;IE ESTADOS UNIDOS;40558;74;SI;SI;NO
853;IE ESTADOS UNIDOS;40559;74;SI;SI;SI
854;IE ESTADOS UNIDOS;40560;74;NO;SI;NO
855;IE ESTADOS UNIDOS;40561;74;SI;SI;NO
856;IE ESTADOS UNIDOS;40562;74;SI;SI;NO
857;IE ESTADOS UNIDOS;40563;74;SI;SI;NO
858;IE ESTADOS UNIDOS;40564;74;SI;SI;NO
859;IEP MARIO VARGAS LLOSA;40572;75;SI;SI;NO
860;IEP MARIO VARGAS LLOSA;40573;75;SI;SI;NO
861;IEP MARIO VARGAS LLOSA;40574;75;SI;SI;NO
862;IEP MARIO VARGAS LLOSA;40575;75;SI;SI;NO
863;IEP MARIO VARGAS LLOSA;40576;75;SI;SI;NO
864;IEP MARIO VARGAS LLOSA;40577;75;SI;SI;NO
865;IEP MARIO VARGAS LLOSA;40578;75;SI;SI;NO
866;IEP MARIO VARGAS LLOSA;40579;75;SI;SI;NO
867;IEP MARIO VARGAS LLOSA;40580;75;SI;SI;NO
868;IEP MARIO VARGAS LLOSA;40581;75;SI;SI;NO
869;IESTP CARLOS CUETO FERNANDINI;40582;76;SI;SI;NO
870;IESTP CARLOS CUETO FERNANDINI;40583;76;SI;SI;NO
871;IESTP CARLOS CUETO FERNANDINI;40584;76;SI;SI;NO
872;IESTP CARLOS CUETO FERNANDINI;40585;76;SI;SI;NO
873;IESTP CARLOS CUETO FERNANDINI;40586;76;SI;SI;NO
874;IESTP CARLOS CUETO FERNANDINI;40587;76;SI;SI;NO
875;IESTP CARLOS CUETO FERNANDINI;40588;76;SI;SI;NO
876;IESTP CARLOS CUETO FERNANDINI;40589;76;SI;SI;NO
877;IESTP CARLOS CUETO FERNANDINI;40590;76;SI;SI;SI
878;IESTP CARLOS CUETO FERNANDINI;40591;76;SI;SI;NO
879;IESTP CARLOS CUETO FERNANDINI;40592;76;SI;SI;NO
880;IESTP CARLOS CUETO FERNANDINI;40593;76;SI;SI;NO
881;IESTP CARLOS CUETO FERNANDINI;40594;76;SI;SI;NO
882;IEP HONORES DEL RETABLO;40991;77;SI;SI;NO
883;IEP HONORES DEL RETABLO;40992;77;SI;SI;NO
884;IEP HONORES DEL RETABLO;40993;77;SI;SI;NO
885;IEP HONORES DEL RETABLO;40994;77;SI;SI;NO
886;IEP HONORES DEL RETABLO;40995;77;SI;SI;NO
887;IEP HONORES DEL RETABLO;40996;77;SI;SI;NO
888;IEP HONORES DEL RETABLO;40997;77;SI;SI;NO
889;IEP PITAGORAS DE COMAS;40998;78;SI;SI;NO
890;IEP PITAGORAS DE COMAS;40999;78;SI;SI;NO
891;IEP PITAGORAS DE COMAS;41000;78;SI;SI;NO
892;IEP PITAGORAS DE COMAS;41001;78;SI;SI;NO
893;IEP PITAGORAS DE COMAS;41002;78;SI;SI;NO
894;IEP PITAGORAS DE COMAS;41003;78;SI;SI;NO
895;IEP SANTO TOMAS;41004;79;SI;SI;NO
896;IEP SANTO TOMAS;41005;79;SI;SI;NO
897;IEP SANTO TOMAS;41006;79;SI;SI;NO
898;IEP SANTO TOMAS;41007;79;SI;SI;NO
899;IE 8170 CESAR VALLEJO;41008;80;SI;SI;NO
900;IE 8170 CESAR VALLEJO;41009;80;SI;SI;NO
901;IE 8170 CESAR VALLEJO;41010;80;SI;SI;NO
902;IE 8170 CESAR VALLEJO;41011;80;SI;SI;NO
903;IE 8170 CESAR VALLEJO;41012;80;SI;SI;NO
904;IE 8170 CESAR VALLEJO;41013;80;SI;SI;NO
905;IE 8170 CESAR VALLEJO;41014;80;SI;NO;NO
906;IE 8170 CESAR VALLEJO;41015;80;SI;SI;NO
907;IE 8170 CESAR VALLEJO;41016;80;SI;SI;NO
908;IEI LUIS ENRIQUE II;41017;81;SI;SI;NO
909;IEI LUIS ENRIQUE II;41018;81;SI;SI;NO
910;IEI LUIS ENRIQUE II;41019;81;SI;SI;NO
911;IEP MARIA MONTESSORI STOPPIANI;41020;82;SI;SI;NO
912;IEP MARIA MONTESSORI STOPPIANI;41021;82;SI;SI;NO
913;IEP MARIA MONTESSORI STOPPIANI;41022;82;SI;SI;NO
914;IEP MARIA MONTESSORI STOPPIANI;41023;82;SI;SI;NO
915;IEP MARIA MONTESSORI STOPPIANI;41024;82;SI;SI;NO
916;IEP MARIA MONTESSORI STOPPIANI;41025;82;SI;SI;NO
917;IEP MARIA MONTESSORI STOPPIANI;41026;82;SI;SI;NO
918;IEP MARIA MONTESSORI STOPPIANI;41027;82;SI;SI;NO
919;IEP MARIA MONTESSORI STOPPIANI;41028;82;SI;SI;NO
920;IEP MARIA MONTESSORI STOPPIANI;41029;82;SI;SI;NO
921;IEP MARIA MONTESSORI STOPPIANI;41030;82;SI;SI;NO
922;IEP MARIA MONTESSORI STOPPIANI;41031;82;SI;SI;NO
923;IEP MARIA MONTESSORI STOPPIANI;41032;82;SI;SI;NO
924;IEP MARIA MONTESSORI STOPPIANI;41033;82;SI;SI;NO
925;IEP MARIA MONTESSORI STOPPIANI;41034;82;SI;SI;NO
926;IEP MARIA MONTESSORI STOPPIANI;41035;82;SI;SI;NO
927;IE 3097 LA NACION DE SAN JUDAS TADEO;41036;83;SI;SI;NO
928;IE 3097 LA NACION DE SAN JUDAS TADEO;41037;83;SI;SI;NO
929;IE 3097 LA NACION DE SAN JUDAS TADEO;41038;83;SI;SI;NO
930;IE 3097 LA NACION DE SAN JUDAS TADEO;41039;83;SI;SI;NO
931;IEI 368 ANGELITOS DE JESUS;41040;84;SI;SI;SI
932;IEI 368 ANGELITOS DE JESUS;41041;84;SI;SI;NO
933;IEI 368 ANGELITOS DE JESUS;41042;84;SI;SI;NO
934;IEI CUNA JARDIN SANGARARA;41043;85;SI;SI;NO
935;IEI CUNA JARDIN SANGARARA;41044;85;SI;SI;NO
936;IEI CUNA JARDIN SANGARARA;41045;85;SI;SI;NO
937;IEI CUNA JARDIN SANGARARA;41046;85;SI;SI;NO
938;IE 8181 HEROES DEL ALTO CENEPA;40595;86;SI;SI;NO
939;IE 8181 HEROES DEL ALTO CENEPA;40596;86;SI;SI;NO
940;IE 8181 HEROES DEL ALTO CENEPA;40597;86;SI;SI;NO
941;IE 8181 HEROES DEL ALTO CENEPA;40598;86;SI;NO;SI
942;IE 8181 HEROES DEL ALTO CENEPA;40599;86;SI;SI;NO
943;IE 8181 HEROES DEL ALTO CENEPA;40600;86;SI;SI;NO
944;IE 8181 HEROES DEL ALTO CENEPA;40601;86;SI;SI;NO
945;IE 8181 HEROES DEL ALTO CENEPA;40602;86;SI;SI;SI
946;IE 8181 HEROES DEL ALTO CENEPA;40603;86;SI;SI;NO
947;IE 8181 HEROES DEL ALTO CENEPA;40604;86;SI;SI;NO
948;IEP CANTOR COLLEGE;41047;87;SI;SI;NO
949;IEP CANTOR COLLEGE;41048;87;SI;SI;NO
950;IEP CANTOR COLLEGE;41049;87;SI;SI;NO
951;IEP CANTOR COLLEGE;41050;87;SI;SI;NO
952;IEP CANTOR COLLEGE;41051;87;SI;SI;NO
953;IEP CANTOR COLLEGE;41052;87;SI;SI;NO
954;IEP CANTOR COLLEGE;41053;87;SI;SI;NO
955;IEP CANTOR COLLEGE;41054;87;SI;SI;NO
956;IEP CANTOR COLLEGE;41055;87;SI;SI;NO
957;IEP CANTOR COLLEGE;41056;87;SI;SI;NO
958;IEP CANTOR COLLEGE;41057;87;SI;SI;NO
959;IEP CIENCIAS Y HUMANIDADES;41058;88;SI;SI;NO
960;IEP CIENCIAS Y HUMANIDADES;41059;88;SI;SI;NO
961;IEP CIENCIAS Y HUMANIDADES;41060;88;SI;SI;NO
962;IEP CIENCIAS Y HUMANIDADES;41061;88;SI;SI;NO
963;IEP CIENCIAS Y HUMANIDADES;41062;88;SI;SI;NO
964;IEP GENES EL PINAR;41063;89;SI;SI;NO
965;IEP GENES EL PINAR;41064;89;SI;SI;NO
966;IEP GENES EL PINAR;41065;89;SI;SI;NO
967;IEP GENES EL PINAR;41066;89;SI;SI;NO
968;IEP GENES EL PINAR;41067;89;SI;SI;NO
969;IEP GENES EL PINAR;41068;89;SI;SI;NO
970;IEP GENES EL PINAR;41069;89;SI;SI;NO
971;IEP GENES EL PINAR;41070;89;SI;SI;NO
972;IEP GENES EL PINAR;41071;89;SI;SI;NO
973;IEP GENES EL PINAR;41072;89;SI;SI;NO
974;IEP GENES EL PINAR;41073;89;SI;SI;NO
975;IEP GENES EL PINAR;41074;89;SI;SI;NO
976;IEP GENES EL PINAR;41075;89;SI;SI;NO
977;IEP GENES EL PINAR;41076;89;SI;SI;NO
978;IEP GENES EL PINAR;41077;89;SI;SI;NO
979;IEP GENES EL PINAR;41078;89;SI;SI;NO
980;IE 2026 SIMON BOLIVAR;41079;90;SI;SI;NO
981;IE 2026 SIMON BOLIVAR;41080;90;SI;SI;NO
982;IE 2026 SIMON BOLIVAR;41081;90;SI;SI;NO
983;IE 2026 SIMON BOLIVAR;41082;90;SI;SI;NO
984;IE 2026 SIMON BOLIVAR;41083;90;SI;SI;NO
985;IE 2026 SIMON BOLIVAR;41084;90;SI;SI;NO
986;IE 2026 SIMON BOLIVAR;41085;90;SI;SI;NO
987;IE 2026 SIMON BOLIVAR;41086;90;SI;SI;NO
988;IE 2026 SIMON BOLIVAR;41087;90;SI;SI;NO
989;IE 2026 SIMON BOLIVAR;41088;90;SI;SI;NO
990;IE 2026 SIMON BOLIVAR;41089;90;SI;SI;NO
991;IE 2026 SIMON BOLIVAR;41090;90;SI;SI;NO
992;IE 2026 SIMON BOLIVAR;41091;90;SI;SI;NO
993;IE 2026 SIMON BOLIVAR;41092;90;SI;SI;NO
994;IE 2026 SIMON BOLIVAR;41093;90;SI;SI;NO
995;IE 2026 SIMON BOLIVAR;41094;90;SI;SI;NO
996;IE 2026 SIMON BOLIVAR;41095;90;SI;SI;NO
997;IE 2026 SIMON BOLIVAR;41096;90;SI;SI;NO
998;IE 2026 SIMON BOLIVAR;41097;90;SI;SI;NO
999;IE 2026 SIMON BOLIVAR;41098;90;SI;SI;SI
1000;IEP JESUCRISTO REY DE REYES;41099;91;SI;SI;NO
1001;IEP JESUCRISTO REY DE REYES;41100;91;SI;SI;NO
1002;IEP JESUCRISTO REY DE REYES;41101;91;SI;SI;NO
1003;IEP JESUCRISTO REY DE REYES;41102;91;SI;SI;NO
1004;IE 2075 CRISTO HIJO DE DIOS;40605;92;SI;NO;NO
1005;IE 2075 CRISTO HIJO DE DIOS;40606;92;SI;NO;NO
1006;IE 2075 CRISTO HIJO DE DIOS;40607;92;SI;NO;NO
1007;IE 2075 CRISTO HIJO DE DIOS;40608;92;SI;NO;NO
1008;IE 2075 CRISTO HIJO DE DIOS;40609;92;SI;NO;NO
1009;IE 2075 CRISTO HIJO DE DIOS;40610;92;SI;NO;NO
1010;IE 2075 CRISTO HIJO DE DIOS;40611;92;SI;NO;NO
1011;IE 2075 CRISTO HIJO DE DIOS;40612;92;SI;NO;SI
1012;IE 2075 CRISTO HIJO DE DIOS;40613;92;SI;NO;NO
1013;IE 2075 CRISTO HIJO DE DIOS;40614;92;SI;NO;NO
1014;IE 2075 CRISTO HIJO DE DIOS;40615;92;SI;NO;NO
1015;IE 2075 CRISTO HIJO DE DIOS;40616;92;SI;NO;NO
1016;IE 2075 CRISTO HIJO DE DIOS;40617;92;SI;NO;NO
1017;IE 2075 CRISTO HIJO DE DIOS;40618;92;SI;NO;NO
1018;IE 2075 CRISTO HIJO DE DIOS;40619;92;SI;NO;NO
1019;IE 8158 ISABEL FLORES DE OLIVA;40620;93;SI;SI;NO
1020;IE 8158 ISABEL FLORES DE OLIVA;40621;93;SI;SI;NO
1021;IE 8158 ISABEL FLORES DE OLIVA;40622;93;SI;SI;NO
1022;IE 8158 ISABEL FLORES DE OLIVA;40623;93;SI;SI;NO
1023;IE 8158 ISABEL FLORES DE OLIVA;40624;93;SI;NO;SI
1024;IE 8158 ISABEL FLORES DE OLIVA;40625;93;SI;SI;NO
1025;IE 8158 ISABEL FLORES DE OLIVA;40626;93;SI;SI;NO
1026;IE 3085 VILCA APAZA;40627;94;NO;SI;NO
1027;IE 3085 VILCA APAZA;40628;94;SI;SI;NO
1028;IE 3085 VILCA APAZA;40629;94;SI;SI;NO
1029;IE 3085 VILCA APAZA;40630;94;SI;SI;NO
1030;IE 3085 VILCA APAZA;40631;94;SI;SI;NO
1031;IE 3085 VILCA APAZA;40632;94;SI;SI;NO
1032;IE 3085 VILCA APAZA;40633;94;NO;NO;NO
1033;IE 3085 VILCA APAZA;40634;94;NO;SI;NO
1034;IE 2046 VIRGEN DE LAS MERCEDES;41103;95;SI;SI;NO
1035;IE 2046 VIRGEN DE LAS MERCEDES;41104;95;SI;SI;NO
1036;IE 2046 VIRGEN DE LAS MERCEDES;41105;95;SI;SI;NO
1037;IE 2046 VIRGEN DE LAS MERCEDES;41106;95;SI;SI;NO
1038;IE 2046 VIRGEN DE LAS MERCEDES;41107;95;SI;SI;NO
1039;IE 2049;41108;96;SI;SI;NO
1040;IE 2049;41109;96;SI;SI;NO
1041;IE 2049;41110;96;SI;SI;NO
1042;IE 2049;41111;96;SI;SI;NO
1043;IE 2049;41112;96;SI;SI;NO
1044;IE 2049;41113;96;SI;SI;NO
1045;IEP ALFRED BERNHARD NOBEL;41114;97;SI;NO;NO
1046;IEP ALFRED BERNHARD NOBEL;41115;97;SI;SI;NO
1047;IEP ALFRED BERNHARD NOBEL;41116;97;SI;SI;NO
1048;IEP ALFRED BERNHARD NOBEL;41117;97;SI;SI;NO
1049;IEP ALFRED BERNHARD NOBEL;41118;97;SI;SI;NO
1050;IE CORONEL JOSÉ GALVEZ;40635;98;SI;SI;NO
1051;IE CORONEL JOSÉ GALVEZ;40636;98;SI;SI;NO
1052;IE CORONEL JOSÉ GALVEZ;40637;98;SI;SI;SI
1053;IE CORONEL JOSÉ GALVEZ;40638;98;SI;SI;NO
1054;IE CORONEL JOSÉ GALVEZ;40639;98;SI;SI;NO
1055;IE CORONEL JOSÉ GALVEZ;40640;98;SI;SI;NO
1056;IE CORONEL JOSÉ GALVEZ;40641;98;SI;SI;NO
1057;IE CORONEL JOSÉ GALVEZ;40642;98;SI;SI;NO
1058;IE CORONEL JOSÉ GALVEZ;40643;98;SI;SI;NO
1059;IE CORONEL JOSÉ GALVEZ;40644;98;SI;SI;NO
1060;IEP CRISTO RAMOS;41119;99;SI;SI;NO
1061;IEP CRISTO RAMOS;41120;99;SI;SI;NO
1062;IEP CRISTO RAMOS;41121;99;SI;SI;NO
1063;IEP CRISTO RAMOS;41122;99;SI;SI;NO
1064;IEP CRISTO RAMOS;41123;99;SI;SI;NO
1065;IEP CRISTO RAMOS;41124;99;SI;SI;NO
1066;IEP CRISTO RAMOS;41125;99;SI;SI;NO
1067;IEP CRISTO RAMOS;41126;99;SI;NO;NO
1068;IEP CRISTO RAMOS;41127;99;SI;SI;NO
1069;IEP CRISTO RAMOS;41128;99;SI;SI;NO
1070;IEP DANIEL GOLEMAN;41129;100;SI;SI;NO
1071;IEP DANIEL GOLEMAN;41130;100;SI;SI;NO
1072;IEP DANIEL GOLEMAN;41131;100;SI;SI;NO
1073;IEP DANIEL GOLEMAN;41132;100;SI;SI;NO
1074;IEP DANIEL GOLEMAN;41133;100;SI;SI;NO
1075;IEP DIEGO THOMSON;41134;101;SI;SI;NO
1076;IEP DIEGO THOMSON;41135;101;NO;SI;NO
1077;IEP DIEGO THOMSON;41136;101;SI;SI;NO
1078;IEP DIEGO THOMSON;41137;101;SI;NO;NO
1079;IEP DIEGO THOMSON;41138;101;NO;SI;NO
1080;IEP DIEGO THOMSON;41139;101;SI;SI;NO
1081;IEP DIEGO THOMSON;41140;101;SI;SI;NO
1082;IEP DIEGO THOMSON;41141;101;SI;SI;SI
1083;IEP DIOS SUPREMO;41142;102;SI;SI;SI
1084;IEP DIOS SUPREMO;41143;102;SI;SI;SI
1085;IEP DIOS SUPREMO;41144;102;SI;SI;NO
1086;IEP DIOS SUPREMO;41145;102;SI;SI;NO
1087;IEP DIVINO NIÑO DIOS;41146;103;SI;SI;NO
1088;IEP DIVINO NIÑO DIOS;41147;103;SI;SI;NO
1089;IEP DIVINO NIÑO DIOS;41148;103;SI;SI;SI
1090;IEP DIVINO NIÑO DIOS;41149;103;SI;SI;NO
1091;IEP DIVINO NIÑO DIOS;41150;103;SI;SI;NO
1092;IEP DIVINO NIÑO DIOS;41151;103;SI;SI;NO
1093;IEP ELEGIDOS DE JESUS;41152;104;SI;NO;NO
1094;IEP ELEGIDOS DE JESUS;41153;104;SI;NO;NO
1095;IEP ELEGIDOS DE JESUS;41154;104;SI;NO;NO
1096;IEP ELEGIDOS DE JESUS;41155;104;SI;NO;NO
1097;IEP ELEGIDOS DE JESUS;41156;104;SI;NO;NO
1098;IE GUIAME SAN MARTIN DE PORRAS;41157;105;SI;SI;NO
1099;IE GUIAME SAN MARTIN DE PORRAS;41158;105;SI;SI;NO
1100;IE GUIAME SAN MARTIN DE PORRAS;41159;105;SI;SI;NO
1101;IE GUIAME SAN MARTIN DE PORRAS;41160;105;SI;SI;NO
1102;IE GUIAME SAN MARTIN DE PORRAS;41161;105;SI;SI;NO
1103;IEP IVAN PAVLOV;41162;106;SI;SI;NO
1104;IEP IVAN PAVLOV;41163;106;SI;SI;NO
1105;IEP IVAN PAVLOV;41164;106;SI;SI;NO
1106;IEP IVAN PAVLOV;41165;106;SI;SI;NO
1107;IEP IVAN PAVLOV;41166;106;SI;SI;NO
1108;IEP IVAN PAVLOV;41167;106;SI;SI;NO
1109;IEP IVAN PAVLOV;41168;106;SI;SI;NO
1110;IEP IVAN PAVLOV;41169;106;SI;SI;NO
1111;IEP IVAN PAVLOV;41170;106;SI;SI;NO
1112;IE 2038 INCA GARCILASO DE LA VEGA;40645;107;SI;SI;NO
1113;IE 2038 INCA GARCILASO DE LA VEGA;40646;107;SI;SI;NO
1114;IE 2038 INCA GARCILASO DE LA VEGA;40647;107;SI;SI;NO
1115;IE 2038 INCA GARCILASO DE LA VEGA;40648;107;SI;SI;NO
1116;IE 2038 INCA GARCILASO DE LA VEGA;40649;107;SI;SI;NO
1117;IE 2038 INCA GARCILASO DE LA VEGA;40650;107;SI;SI;NO
1118;IE 2038 INCA GARCILASO DE LA VEGA;40651;107;SI;SI;NO
1119;IE 2038 INCA GARCILASO DE LA VEGA;40652;107;SI;SI;NO
1120;IE 2038 INCA GARCILASO DE LA VEGA;40653;107;SI;SI;NO
1121;IE 2038 INCA GARCILASO DE LA VEGA;40654;107;SI;SI;NO
1122;IE 2038 INCA GARCILASO DE LA VEGA;40655;107;SI;SI;NO
1123;IE 2038 INCA GARCILASO DE LA VEGA;40656;107;SI;SI;NO
1124;IE 2038 INCA GARCILASO DE LA VEGA;40657;107;SI;SI;NO
1125;IE 2038 INCA GARCILASO DE LA VEGA;40658;107;SI;SI;SI
1126;IE 2038 INCA GARCILASO DE LA VEGA;40659;107;SI;SI;NO
1127;IE 2038 INCA GARCILASO DE LA VEGA;40660;107;SI;SI;NO
1128;IE 2038 INCA GARCILASO DE LA VEGA;40661;107;SI;SI;NO
1129;IEP JAIME WHITE;41171;108;SI;SI;NO
1130;IEP JAIME WHITE;41172;108;SI;SI;NO
1131;IEP JAIME WHITE;41173;108;SI;SI;NO
1132;IEP JAIME WHITE;41174;108;SI;SI;NO
1133;IEP JAIME WHITE;41175;108;SI;SI;NO
1134;IEP JESUS EL MAESTRO;41176;109;SI;SI;NO
1135;IEP JESUS EL MAESTRO;41177;109;SI;SI;NO
1136;IEP JESUS EL MAESTRO;41178;109;SI;SI;NO
1137;IEP JESUS EL MAESTRO;41179;109;SI;SI;NO
1138;IEP JESUS EL MAESTRO;41180;109;SI;SI;NO
1139;IEP JESUS EL MAESTRO;41181;109;SI;SI;NO
1140;IEP JESUS EL MAESTRO;41182;109;SI;SI;NO
1141;IEP JESUS EL MAESTRO;41183;109;SI;SI;NO
1142;IEP JESUS EL MAESTRO;41184;109;SI;SI;NO
1143;IEP JESUS EL MAESTRO;41185;109;SI;SI;NO
1144;IEP JESUS EL MAESTRO;41186;109;SI;SI;NO
1145;IEP JESUS EL MAESTRO;41187;109;SI;SI;NO
1146;IEP JESUS EL MAESTRO;41188;109;SI;SI;NO
1147;IEP JESUS EL MAESTRO;41189;109;SI;SI;NO
1148;IEP JESUS EL MAESTRO;41190;109;SI;SI;NO
1149;IEP MARIA REICHE;41191;110;SI;SI;NO
1150;IEP MARIA REICHE;41192;110;SI;SI;NO
1151;IEP MARIA REICHE;41193;110;SI;SI;NO
1152;IEP MARIA REICHE;41194;110;SI;SI;NO
1153;IEP MARIA REICHE;41195;110;SI;SI;NO
1154;IEP MARIA REICHE;41196;110;SI;SI;NO
1155;IEP PAUL GROUSSAC - PRIMARIA;41197;111;NO;SI;NO
1156;IEP PAUL GROUSSAC - PRIMARIA;41198;111;NO;SI;NO
1157;IEP PAUL GROUSSAC - PRIMARIA;41199;111;SI;SI;NO
1158;IEP PAUL GROUSSAC - PRIMARIA;41200;111;SI;NO;NO
1159;IEP PAUL GROUSSAC - PRIMARIA;41201;111;SI;SI;NO
1160;IEP PAUL GROUSSAC - PRIMARIA;41202;111;SI;SI;NO
1161;IEP PAUL GROUSSAC - PRIMARIA;41203;111;SI;SI;NO
1162;IEP PAUL GROUSSAC - PRIMARIA;41204;111;SI;NO;NO
1163;IEP SANTA MARTA SCHOOL;41205;112;SI;SI;NO
1164;IEP SANTA MARTA SCHOOL;41206;112;SI;SI;NO
1165;IEP SANTA MARTA SCHOOL;41207;112;SI;SI;NO
1166;IEP SANTA MARTA SCHOOL;41208;112;SI;SI;NO
1167;IEP SANTA MARTA SCHOOL;41209;112;SI;SI;NO
1168;IEP SANTO TOMAS;41210;113;SI;SI;NO
1169;IEP SANTO TOMAS;41211;113;SI;NO;NO
1170;IEP SANTO TOMAS;41212;113;SI;NO;NO
1171;IEP SANTO TOMAS;41213;113;SI;NO;NO
1172;IE 2060 VIRGEN DE GUADALUPE;40662;114;SI;SI;NO
1173;IE 2060 VIRGEN DE GUADALUPE;40663;114;SI;SI;NO
1174;IE 2060 VIRGEN DE GUADALUPE;40664;114;SI;SI;SI
1175;IE 2060 VIRGEN DE GUADALUPE;40665;114;SI;SI;NO
1176;IE 2060 VIRGEN DE GUADALUPE;40666;114;SI;SI;NO
1177;IE 2060 VIRGEN DE GUADALUPE;40667;114;SI;SI;NO
1178;IE 2060 VIRGEN DE GUADALUPE;40668;114;SI;SI;NO
1179;IE 2060 VIRGEN DE GUADALUPE;40669;114;SI;SI;NO
1180;IE 2060 VIRGEN DE GUADALUPE;40670;114;SI;SI;NO
1181;IE 2060 VIRGEN DE GUADALUPE;40671;114;SI;SI;NO
1182;IE 2060 VIRGEN DE GUADALUPE;40672;114;SI;SI;NO
1183;IE 2060 VIRGEN DE GUADALUPE;40673;114;SI;SI;NO
1184;IE 2060 VIRGEN DE GUADALUPE;40674;114;SI;SI;NO
1185;IE 2060 VIRGEN DE GUADALUPE;40675;114;NO;SI;NO
1186;IE 2060 VIRGEN DE GUADALUPE;40676;114;SI;SI;NO
1187;IE 2060 VIRGEN DE GUADALUPE;40677;114;SI;SI;NO
1188;IE 2060 VIRGEN DE GUADALUPE;40678;114;SI;SI;NO
1189;IEP FRANKLIN DELANO ROOSEVELT;41214;115;SI;SI;NO
1190;IEP FRANKLIN DELANO ROOSEVELT;41215;115;SI;SI;NO
1191;IEP FRANKLIN DELANO ROOSEVELT;41216;115;SI;SI;NO
1192;IEP FRANKLIN DELANO ROOSEVELT;41217;115;SI;SI;NO
1193;IEP FRANKLIN DELANO ROOSEVELT;41218;115;SI;SI;NO
1194;IEP FRANKLIN DELANO ROOSEVELT;41219;115;SI;SI;NO
1195;IEP FRANKLIN DELANO ROOSEVELT;41220;115;SI;SI;NO
1196;IEP LA CATOLICA DE COLLIQUE;41221;116;SI;SI;NO
1197;IEP LA CATOLICA DE COLLIQUE;41222;116;SI;SI;SI
1198;IEP LA CATOLICA DE COLLIQUE;41223;116;NO;SI;NO
1199;IEP LA CATOLICA DE COLLIQUE;41224;116;SI;SI;NO
1200;IEP LA CATOLICA DE COLLIQUE;41225;116;SI;SI;NO
1201;IEP LUZ Y ESPERANZA;41226;117;SI;SI;NO
1202;IEP LUZ Y ESPERANZA;41227;117;SI;SI;NO
1203;IEP LUZ Y ESPERANZA;41228;117;SI;SI;NO
1204;IEP LUZ Y ESPERANZA;41229;117;SI;SI;NO
1205;IEP LUZ Y ESPERANZA;41230;117;SI;SI;NO
1206;IEP PAUL GROUSSAC;41231;118;SI;SI;NO
1207;IEP PAUL GROUSSAC;41232;118;SI;SI;NO
1208;IEP PAUL GROUSSAC;41233;118;SI;SI;NO
1209;IEP PAUL GROUSSAC;41234;118;SI;SI;NO
1210;IEP PAUL GROUSSAC;41235;118;SI;SI;NO
1211;IEP PAUL GROUSSAC;41236;118;SI;SI;NO
1212;IEP PAUL GROUSSAC;41237;118;SI;SI;NO
1213;IEP PAUL GROUSSAC;41238;118;SI;SI;NO
1214;IEP MI BUEN JESUS;41239;119;SI;SI;NO
1215;IEP MI BUEN JESUS;41240;119;SI;SI;NO
1216;IEP MI BUEN JESUS;41241;119;SI;SI;NO
1217;IEP MI BUEN JESUS;41242;119;SI;SI;NO
1218;IEP MI BUEN JESUS;41243;119;SI;SI;NO
1219;IEP MI BUEN JESUS;41244;119;SI;SI;NO
1220;IEP MI BUEN JESUS;41245;119;SI;SI;NO
1221;IEP MI BUEN JESUS;41246;119;SI;SI;NO
1222;IEP MI BUEN JESUS;41247;119;SI;SI;NO
1223;IEP MI BUEN JESUS;41248;119;SI;SI;NO
1224;IEP COLEGIO INGENIERIA - SEDE TRAPICHE;41249;120;SI;SI;NO
1225;IEP COLEGIO INGENIERIA - SEDE TRAPICHE;41250;120;SI;SI;NO
1226;IEP COLEGIO INGENIERIA - SEDE TRAPICHE;41251;120;SI;SI;NO
1227;IEP COLEGIO INGENIERIA - SEDE TRAPICHE;41252;120;SI;SI;NO
1228;IEP COLEGIO INGENIERIA - SEDE TRAPICHE;41253;120;SI;SI;NO
1229;IEP COLEGIO INGENIERIA - SEDE TRAPICHE;41254;120;SI;SI;NO
1230;IEP MATEMATICO HONORES EL PINAR;41255;121;SI;SI;NO
1231;IEP MATEMATICO HONORES EL PINAR;41256;121;SI;SI;NO
1232;IEP MATEMATICO HONORES EL PINAR;41257;121;SI;SI;NO
1233;IEP MATEMATICO HONORES EL PINAR;41258;121;SI;SI;NO
1234;IEP MATEMATICO HONORES EL PINAR;41259;121;SI;SI;NO
1235;IEP MATEMATICO HONORES EL PINAR;41260;121;SI;SI;NO
1236;IEP MATEMATICO HONORES EL PINAR;41261;121;SI;SI;NO
1237;IEP MATEMATICO HONORES EL PINAR;41262;121;SI;SI;NO
1238;IEP MONSERRAT - SEDE SAN FELIPE;41263;122;SI;SI;NO
1239;IEP MONSERRAT - SEDE SAN FELIPE;41264;122;SI;SI;NO
1240;IEP MONSERRAT - SEDE SAN FELIPE;41265;122;SI;SI;NO
1241;IEP MONSERRAT - SEDE SAN FELIPE;41266;122;SI;SI;NO
1242;IEP MONSERRAT - SEDE SAN FELIPE;41267;122;SI;SI;NO
1243;IEP MONSERRAT - SEDE SAN FELIPE;41268;122;SI;SI;NO
1244;IEP MONSERRAT - SEDE SAN FELIPE;41269;122;SI;SI;NO
1245;IEP SAN JUAN BAUTISTA;41270;123;SI;SI;NO
1246;IEP SAN JUAN BAUTISTA;41271;123;SI;SI;NO
1247;IEP SAN JUAN BAUTISTA;41272;123;SI;SI;NO
1248;IEP SAN JUAN BAUTISTA;41273;123;SI;SI;NO
1249;IEP SAN JUAN BAUTISTA;41274;123;SI;SI;NO
1250;IEP SAN JUAN BAUTISTA;41275;123;SI;SI;NO
1251;IEP SAN JUAN BAUTISTA;41276;123;SI;SI;NO
1252;IEP SAN JUAN BAUTISTA;41277;123;SI;SI;NO
1253;IEP SAN JUAN BAUTISTA;41278;123;SI;SI;NO
1254;IEP SAN JUAN BAUTISTA;41279;123;SI;SI;NO
1255;IEP SAN JUAN BAUTISTA;41280;123;SI;SI;NO
1256;IEP SAN JUAN BAUTISTA;41281;123;SI;SI;NO
1257;IEP SAN JUAN BAUTISTA;41282;123;SI;NO;SI
1258;IEP SAN JUAN BAUTISTA;41283;123;SI;SI;NO
1259;IEP SAN JUAN BAUTISTA;41284;123;SI;SI;NO
1260;IEP SAN JUAN BAUTISTA;41285;123;SI;SI;NO
1261;IEP SAN JUAN BAUTISTA;41286;123;SI;SI;NO
1262;IEP PROLOG;41287;124;SI;NO;NO
1263;IEP PROLOG;41288;124;SI;NO;NO
1264;IEP PROLOG;41289;124;SI;NO;NO
1265;IEP PROLOG;41290;124;SI;NO;NO
1266;IEP PROLOG;41291;124;SI;NO;NO
1267;IEP PROLOG;41292;124;SI;NO;NO
1268;IEP PROLOG;41293;124;SI;NO;NO
1269;IEP PROLOG;41294;124;SI;NO;NO
1270;IEP RENE CRUCHET;41295;125;SI;NO;NO
1271;IEP RENE CRUCHET;41296;125;SI;SI;NO
1272;IEP RENE CRUCHET;41297;125;SI;SI;NO
1273;IEP RENE CRUCHET;41298;125;SI;NO;SI
1274;IEP SACO OLIVEROS;41299;126;SI;SI;NO
1275;IEP SACO OLIVEROS;41300;126;SI;SI;NO
1276;IEP SACO OLIVEROS;41301;126;SI;SI;SI
1277;IEP SACO OLIVEROS;41302;126;SI;SI;NO
1278;IEP SACO OLIVEROS;41303;126;SI;SI;NO
1279;IEP SACO OLIVEROS;41304;126;SI;SI;NO
1280;IEP SACO OLIVEROS;41305;126;SI;SI;NO
1281;IEP SACO OLIVEROS;41306;126;SI;SI;NO
1282;IEP SACO OLIVEROS;41307;126;SI;SI;SI
1283;IEP SACO OLIVEROS;41308;126;SI;SI;NO
1284;IEP SACO OLIVEROS;41309;126;SI;SI;NO
1285;IEP SACO OLIVEROS;41310;126;SI;SI;NO
1286;IEP SACO OLIVEROS;41311;126;SI;SI;NO
1287;IEP SACO OLIVEROS;41312;126;SI;SI;NO
1288;IEP SACO OLIVEROS;41313;126;SI;SI;NO
1289;IEP SACO OLIVEROS;41314;126;SI;SI;NO
1290;IEP SACO OLIVEROS;41315;126;SI;SI;NO
1291;IEP SACO OLIVEROS;41316;126;SI;SI;NO
1292;IEP SACO OLIVEROS;41317;126;SI;SI;NO
1293;IEP SACO OLIVEROS;41318;126;SI;SI;NO
1294;IEP SACO OLIVEROS;41319;126;SI;SI;NO
1295;IEP SACO OLIVEROS;41320;126;SI;SI;SI
1296;IEP SACO OLIVEROS;41321;126;SI;SI;SI
1297;IEP SACO OLIVEROS;41322;126;SI;SI;SI
1298;IEP SACO OLIVEROS;41323;126;SI;SI;NO
1299;IEP SACO OLIVEROS;41324;126;SI;SI;NO
1300;IEP SACO OLIVEROS;41325;126;SI;SI;NO
1301;IEP SACO OLIVEROS;41326;126;SI;SI;NO
1302;IEP SACO OLIVEROS;41327;126;SI;SI;NO
1303;IEP SACO OLIVEROS;41328;126;SI;SI;NO
1304;IEP SACO OLIVEROS;41329;126;SI;SI;NO
1305;IEP SACO OLIVEROS;41330;126;SI;SI;SI
1306;IEP SACO OLIVEROS;41331;126;SI;SI;SI
1307;IEP SACO OLIVEROS;41332;126;SI;SI;NO
1308;IEP SAN JOSE DE COMAS;41333;127;SI;SI;NO
1309;IEP SAN JOSE DE COMAS;41334;127;SI;NO;SI
1310;IEP SAN JOSE DE COMAS;41335;127;SI;SI;NO
1311;IEP SAN JOSE DE COMAS;41336;127;SI;NO;SI
1312;IEP SAN JOSE DE COMAS;41337;127;SI;NO;SI
1313;IEP SAN JOSE DE COMAS;41338;127;SI;SI;NO
1314;IEP SAN JOSE DE COMAS;41339;127;SI;SI;NO
1315;IEP LA FE DE MARIA;41340;128;SI;SI;NO
1316;IEP LA FE DE MARIA;41341;128;SI;SI;NO
1317;IEP LA FE DE MARIA;41342;128;SI;SI;NO
1318;IEP LA FE DE MARIA;41343;128;SI;SI;NO
1319;IEP LA FE DE MARIA;41344;128;SI;SI;NO
1320;IEP LA FE DE MARIA;41345;128;SI;SI;NO
1321;IEP LA FE DE MARIA;41346;128;SI;SI;NO
1322;IEP LA FE DE MARIA;41347;128;SI;SI;NO
1323;IEP LA FE DE MARIA;41348;128;SI;SI;NO
1324;IEP LA FE DE MARIA;41349;128;SI;SI;NO
1325;IEP LA FE DE MARIA;41350;128;SI;SI;NO
1326;IEP LA FE DE MARIA;41351;128;SI;SI;NO
1327;IEP LA FE DE MARIA;41352;128;SI;SI;NO
1328;IEP LA FE DE MARIA;41353;128;SI;SI;NO
1329;IEP GETSEMANI;41354;129;SI;SI;NO
1330;IEP GETSEMANI;41355;129;SI;SI;NO
1331;IEP GETSEMANI;41356;129;SI;SI;NO
1332;IEP GETSEMANI;41357;129;SI;SI;NO
1333;IE 2031 JOSE VALVERDE CARO;40679;130;SI;SI;NO
1334;IE 2031 JOSE VALVERDE CARO;40680;130;SI;SI;NO
1335;IE 2031 JOSE VALVERDE CARO;40681;130;SI;SI;NO
1336;IE 2031 JOSE VALVERDE CARO;40682;130;SI;SI;NO
1337;IE 2031 JOSE VALVERDE CARO;40683;130;SI;SI;NO
1338;IE 2031 JOSE VALVERDE CARO;40684;130;SI;SI;NO
1339;IE 2031 JOSE VALVERDE CARO;40685;130;SI;SI;NO
1340;IE 2031 JOSE VALVERDE CARO;40686;130;SI;SI;NO
1341;IE 2031 JOSE VALVERDE CARO;40687;130;SI;SI;NO
1342;IE 2031 JOSE VALVERDE CARO;40688;130;SI;SI;NO
1343;IE 2031 JOSE VALVERDE CARO;40689;130;SI;SI;NO
1344;IE 2031 JOSE VALVERDE CARO;40690;130;SI;SI;NO
1345;IE 2031 JOSE VALVERDE CARO;40811;130;SI;SI;NO
1346;IE 2031 JOSE VALVERDE CARO;40812;130;SI;SI;NO
1347;IE 2031 JOSE VALVERDE CARO;40813;130;SI;NO;NO
1348;IE 2031 JOSE VALVERDE CARO;40814;130;SI;NO;SI
1349;IE 2055 PRIMERO DE ABRIL;40691;131;SI;SI;NO
1350;IE 2055 PRIMERO DE ABRIL;40692;131;SI;SI;NO
1351;IE 2055 PRIMERO DE ABRIL;40693;131;SI;SI;NO
1352;IE 2055 PRIMERO DE ABRIL;40694;131;SI;SI;NO
1353;IE 2055 PRIMERO DE ABRIL;40695;131;SI;SI;NO
1354;IE 2055 PRIMERO DE ABRIL;40696;131;SI;SI;NO
1355;IE 2055 PRIMERO DE ABRIL;40697;131;SI;SI;NO
1356;IE 2055 PRIMERO DE ABRIL;40698;131;SI;SI;NO
1357;IE 2055 PRIMERO DE ABRIL;40699;131;SI;SI;NO
1358;IEP MILAGROSO SAN MARTIN;41358;132;SI;NO;SI
1359;IEP MILAGROSO SAN MARTIN;41359;132;SI;SI;NO
1360;IEP MILAGROSO SAN MARTIN;41360;132;SI;SI;NO
1361;IEP MILAGROSO SAN MARTIN;41361;132;SI;SI;NO
1362;IEP MILAGROSO SAN MARTIN;41362;132;SI;SI;NO
1363;IEP MILAGROSO SAN MARTIN;41363;132;SI;SI;NO
1364;IEP MILAGROSO SAN MARTIN;41364;132;SI;SI;NO
1365;IEP MILAGROSO SAN MARTIN;41365;132;SI;NO;NO
1366;IEP SAN FRANCISCO;41366;133;SI;SI;NO
1367;IEP SAN FRANCISCO;41367;133;SI;SI;NO
1368;IEP SAN FRANCISCO;41368;133;SI;SI;NO
1369;IEP SAN FRANCISCO;41369;133;SI;SI;NO
1370;IEP MARIA GORETTI DEL ALAMO;41370;134;SI;SI;SI
1371;IEP MARIA GORETTI DEL ALAMO;41371;134;SI;SI;NO
1372;IEP MARIA GORETTI DEL ALAMO;41372;134;SI;SI;NO
1373;IEP MARIA GORETTI DEL ALAMO;41373;134;SI;SI;NO
1374;IEP MARIA GORETTI DEL ALAMO;41374;134;SI;SI;NO
1375;IEP MARIA GORETTI DEL ALAMO;41375;134;SI;SI;NO
1376;IEP MARIA GORETTI DEL ALAMO;41376;134;SI;SI;NO
1377;IEP MARIA GORETTI DEL ALAMO;41377;134;SI;SI;NO
1378;IEP MARIA GORETTI DEL ALAMO;41378;134;SI;SI;SI
1379;IEI 373;41379;135;SI;SI;NO
1380;IEI 373;41380;135;SI;SI;NO
1381;IEI 373;41381;135;SI;SI;NO
1382;IEI 373;41382;135;SI;SI;NO
1383;IEP SOR ANA DE LOS ANGELES;41383;136;SI;SI;NO
1384;IEP SOR ANA DE LOS ANGELES;41384;136;SI;SI;NO
1385;IEP SOR ANA DE LOS ANGELES;41385;136;SI;SI;NO
1386;IEP SOR ANA DE LOS ANGELES;41386;136;SI;SI;NO
1387;IEP SOR ANA DE LOS ANGELES;41387;136;SI;SI;NO
1388;IEP SOR ANA DE LOS ANGELES;41388;136;SI;SI;NO
1389;IEP SOR ANA DE LOS ANGELES;41389;136;SI;SI;NO
1390;IEP SOR ANA DE LOS ANGELES;41390;136;SI;SI;NO
1391;IEP SANTA URSULA DE LAS VEGAS;41391;137;SI;SI;NO
1392;IEP SANTA URSULA DE LAS VEGAS;41392;137;SI;SI;NO
1393;IEP SANTA URSULA DE LAS VEGAS;41393;137;SI;SI;NO
1394;IEP SANTA URSULA DE LAS VEGAS;41394;137;SI;SI;NO
1395;IEP MILAGRITOS DE JESUS;41395;138;SI;SI;NO
1396;IEP MILAGRITOS DE JESUS;41396;138;SI;SI;NO
1397;IEP MILAGRITOS DE JESUS;41397;138;SI;SI;NO
1398;IEP MILAGRITOS DE JESUS;41398;138;SI;SI;NO
1399;IE 2045;41399;139;SI;NO;NO
1400;IE 2045;41400;139;SI;SI;NO
1401;IE 2045;41401;139;SI;NO;NO
1402;IE 2045;41402;139;SI;NO;NO
1403;COLEGIO TECNICO EXPERIMENTAL JESUS OBRERO;41403;140;SI;SI;NO
1404;COLEGIO TECNICO EXPERIMENTAL JESUS OBRERO;41404;140;SI;SI;NO
1405;COLEGIO TECNICO EXPERIMENTAL JESUS OBRERO;41405;140;SI;SI;NO
1406;COLEGIO TECNICO EXPERIMENTAL JESUS OBRERO;41406;140;SI;SI;NO
1407;COLEGIO TECNICO EXPERIMENTAL JESUS OBRERO;41407;140;SI;SI;NO
1408;COLEGIO TECNICO EXPERIMENTAL JESUS OBRERO;41408;140;SI;SI;NO
1409;COLEGIO TECNICO EXPERIMENTAL JESUS OBRERO;41409;140;SI;SI;NO
1410;COLEGIO TECNICO EXPERIMENTAL JESUS OBRERO;41410;140;SI;SI;NO
1411;COLEGIO TECNICO EXPERIMENTAL JESUS OBRERO;41411;140;SI;SI;NO
1412;COLEGIO TECNICO EXPERIMENTAL JESUS OBRERO;41412;140;SI;SI;NO
1413;COLEGIO TECNICO EXPERIMENTAL JESUS OBRERO;41413;140;SI;SI;NO
1414;IEP DULCE CORAZÓN DE MARÍA;41414;141;SI;SI;NO
1415;IEP DULCE CORAZÓN DE MARÍA;41415;141;SI;SI;NO
1416;IEP DULCE CORAZÓN DE MARÍA;41416;141;SI;SI;NO
1417;IEP DULCE CORAZÓN DE MARÍA;41417;141;SI;SI;NO
1418;IEP DULCE CORAZÓN DE MARÍA;41418;141;SI;SI;NO
1419;IEP INNOVA SCHOOLS SEDE CONDORCANQUI;41419;142;SI;SI;NO
1420;IEP INNOVA SCHOOLS SEDE CONDORCANQUI;41420;142;SI;SI;NO
1421;IEP INNOVA SCHOOLS SEDE CONDORCANQUI;41421;142;SI;SI;NO
1422;IEP INNOVA SCHOOLS SEDE CONDORCANQUI;41422;142;SI;SI;NO
1423;IEP INNOVA SCHOOLS SEDE CONDORCANQUI;41423;142;SI;SI;NO
1424;IEP INNOVA SCHOOLS SEDE CONDORCANQUI;41424;142;SI;SI;NO
1425;IEP INNOVA SCHOOLS SEDE CONDORCANQUI;41425;142;SI;SI;NO
1426;IEP INNOVA SCHOOLS SEDE CONDORCANQUI;41426;142;SI;SI;NO
1427;IEP INNOVA SCHOOLS SEDE CONDORCANQUI;41427;142;SI;SI;NO
1428;IEP INNOVA SCHOOLS SEDE CONDORCANQUI;41428;142;SI;SI;NO
1429;IEP INNOVA SCHOOLS SEDE CONDORCANQUI;41429;142;SI;SI;NO
1430;IEP INNOVA SCHOOLS SEDE CONDORCANQUI;41430;142;SI;SI;NO
1431;IEP INNOVA SCHOOLS SEDE CONDORCANQUI;41431;142;SI;SI;NO
1432;IEP INNOVA SCHOOLS SEDE CONDORCANQUI;41432;142;SI;SI;NO
1433;IEP INNOVA SCHOOLS SEDE CONDORCANQUI;41433;142;SI;SI;NO
1434;IEP INNOVA SCHOOLS SEDE CONDORCANQUI;41434;142;SI;SI;NO
1435;IEP INNOVA SCHOOLS SEDE CONDORCANQUI;41435;142;SI;SI;NO
1436;IEP INNOVA SCHOOLS SEDE CONDORCANQUI;41436;142;SI;SI;NO
1437;IEP INNOVA SCHOOLS SEDE CONDORCANQUI;41437;142;SI;SI;NO
1438;IEP INNOVA SCHOOLS SEDE CONDORCANQUI;41438;142;SI;SI;NO
1439;IEP INNOVA SCHOOLS SEDE CONDORCANQUI;41439;142;SI;SI;NO
1440;IEP INNOVA SCHOOLS SEDE CONDORCANQUI;41440;142;SI;SI;NO
1441;IEP INNOVA SCHOOLS SEDE CONDORCANQUI;41441;142;SI;SI;NO
1442;IEP INNOVA SCHOOLS SEDE CONDORCANQUI;41442;142;SI;SI;NO
1443;IEP INNOVA SCHOOLS SEDE CONDORCANQUI;41443;142;SI;SI;NO
1444;IEP INNOVA SCHOOLS SEDE CONDORCANQUI;41444;142;SI;SI;NO
1445;IEP INNOVA SCHOOLS SEDE CONDORCANQUI;41445;142;SI;SI;NO
1446;IEP INNOVA SCHOOLS SEDE CONDORCANQUI;41446;142;SI;SI;NO
1447;IEP INNOVA SCHOOLS SEDE CONDORCANQUI;41447;142;SI;SI;NO
1448;IEP INNOVA SCHOOLS SEDE CONDORCANQUI;41448;142;SI;SI;NO
1449;IEP INNOVA SCHOOLS SEDE CONDORCANQUI;41449;142;SI;SI;NO
1450;IEP INNOVA SCHOOLS SEDE CONDORCANQUI;41450;142;SI;SI;NO
1451;IEP INNOVA SCHOOLS SEDE CONDORCANQUI;41451;142;SI;SI;NO
1452;IEP INNOVA SCHOOLS SEDE CONDORCANQUI;41452;142;SI;SI;NO
1453;IEP INNOVA SCHOOLS SEDE CONDORCANQUI;41453;142;SI;SI;NO
1454;IEP INNOVA SCHOOLS SEDE CONDORCANQUI;41454;142;SI;SI;NO
1455;IEP INNOVA SCHOOLS SEDE RETABLO;41455;143;NO;SI;NO
1456;IEP INNOVA SCHOOLS SEDE RETABLO;41456;143;SI;SI;NO
1457;IEP INNOVA SCHOOLS SEDE RETABLO;41457;143;SI;SI;NO
1458;IEP INNOVA SCHOOLS SEDE RETABLO;41458;143;SI;SI;NO
1459;IEP INNOVA SCHOOLS SEDE RETABLO;41459;143;SI;SI;NO
1460;IEP INNOVA SCHOOLS SEDE RETABLO;41460;143;SI;SI;NO
1461;IEP INNOVA SCHOOLS SEDE RETABLO;41461;143;SI;SI;NO
1462;IEP INNOVA SCHOOLS SEDE RETABLO;41462;143;SI;SI;NO
1463;IEP INNOVA SCHOOLS SEDE RETABLO;41463;143;SI;SI;NO
1464;IEP INNOVA SCHOOLS SEDE RETABLO;41464;143;SI;SI;NO
1465;IEP INNOVA SCHOOLS SEDE RETABLO;41465;143;SI;SI;NO
1466;IEP INNOVA SCHOOLS SEDE RETABLO;41466;143;SI;SI;NO
1467;IEP INNOVA SCHOOLS SEDE RETABLO;41467;143;SI;SI;NO
1468;IEP INNOVA SCHOOLS SEDE RETABLO;41468;143;SI;SI;NO
1469;IEP INNOVA SCHOOLS SEDE RETABLO;41469;143;SI;SI;NO
1470;IEP INNOVA SCHOOLS SEDE RETABLO;41470;143;SI;SI;NO
1471;IEP INNOVA SCHOOLS SEDE RETABLO;41471;143;SI;SI;NO
1472;IEP INNOVA SCHOOLS SEDE RETABLO;41472;143;SI;SI;NO
1473;IEP INNOVA SCHOOLS SEDE RETABLO;41473;143;SI;SI;NO
1474;IEP INNOVA SCHOOLS SEDE RETABLO;41474;143;SI;SI;NO
1475;IEP INNOVA SCHOOLS SEDE RETABLO;41475;143;SI;SI;NO
1476;IEP INNOVA SCHOOLS SEDE RETABLO;41476;143;SI;SI;NO
1477;IEP INNOVA SCHOOLS SEDE RETABLO;41477;143;SI;NO;NO
1478;IEP INNOVA SCHOOLS SEDE RETABLO;41478;143;SI;SI;NO
1479;IEP INNOVA SCHOOLS SEDE RETABLO;41479;143;SI;SI;NO
1480;IEP INNOVA SCHOOLS SEDE RETABLO;41480;143;SI;SI;NO
1481;IEP INNOVA SCHOOLS SEDE RETABLO;41481;143;SI;SI;NO
1482;IEP INNOVA SCHOOLS SEDE RETABLO;41482;143;SI;SI;NO
1483;IEP INNOVA SCHOOLS SEDE RETABLO;41483;143;SI;SI;NO
1484;IEP INNOVA SCHOOLS SEDE RETABLO;41484;143;SI;SI;NO
1485;IEP INNOVA SCHOOLS SEDE RETABLO;41485;143;SI;SI;NO
1486;IEP INGENIERIA DEL RETABLO;40205;144;SI;SI;NO
1487;IEP INGENIERIA DEL RETABLO;40206;144;SI;SI;NO
1488;IEP INGENIERIA DEL RETABLO;40207;144;SI;SI;NO
1489;IEP INGENIERIA DEL RETABLO;40208;144;SI;SI;NO
1490;IEP INGENIERIA DEL RETABLO;40209;144;SI;SI;NO
1491;IEP INGENIERIA DEL RETABLO;40210;144;SI;SI;NO
1492;IEP INGENIERIA DEL RETABLO;40211;144;SI;SI;SI
1493;IEP INGENIERIA DEL RETABLO;40212;144;SI;SI;SI
